Item Name,Predicted_Demand,Quantity Used
CHIX SAUSAGE BRKFST,8267.56,126.66666666666667
CHIX STK SANDWICH BULK,8267.56,59.333333333333336
CHIX TENDER CLIPPED JUMBO,8267.56,615.6666666666666
CHIX GF TENDER,8267.56,0.0
CHIX THIGH BONE-IN,8267.56,59.666666666666664
CHIX QUARTER 8-10OZ,8267.56,12.666666666666666
CHIX HALAL THIGH BNLS SKNLS,8267.56,57040.666666666664
CHEESE PROV SHARP,2520.679,14.666666666666666
CHEESE PEPPER JACK SLCD,2520.679,398.3333333333333
CHEESE QUESO FRESCO,2520.679,6.333333333333333
CHEESE PROV SLCD,2520.679,3825.3333333333335
CHEESE PIZZA BLND PROV-MOZZ,2520.679,14993.333333333334
CHEESE PROV,2520.679,194.0
CHEESE PEPPER JACK,2520.679,378.0
CHEESE PARM SHRD,2520.679,428.3333333333333
"BEEF CUBES 3/4""",2304.781,2328.0
BEEF PATTY 2.67 OZ 80/20,2304.781,2166.6666666666665
BEEF CORNED KOSHER,2304.781,161.33333333333334
BEEF PATTY SLIDER 2OZ,2304.781,40.0
BEEF MEATBALLS FC 1OZ,2304.781,222.33333333333334
BEEF HALAL CERT GROUND 80/20,2304.781,3487.6666666666665
BEEF PATTY 5 OZ 80/20,2304.781,10074.333333333334
BEEF MEATBALLS FC 0.25OZ,2304.781,8.333333333333334
DELI PORK PROSCIUTTO,1854.9579,96.0
DELI SALAMI GENOA,1854.9579,1333.0
DELI PORK HAM SMKD BNLS FC,1854.9579,4526.333333333333
DELI TURKEY BRST GF FC SLCD,1854.9579,1527.6666666666667
DELI TURKEY BRST FC FRESH,1854.9579,4528.666666666667
DELI PORK CAPICOLA,1854.9579,1028.3333333333333
DOLMA GRAPE LEAF STUFFED,1854.9579,2.3333333333333335
CHEESE COLBY LONGHORN,1416.564,66.66666666666667
CHEESE CHEDDAR SMOKED,1416.564,124.0
CHEESE CHED WHIT/JACK SHRD,1416.564,1873.0
CHEESE CHEDDAR COLORED,1416.564,354.6666666666667
CHEESE CURDS BRD,1416.564,25.333333333333332
CHEESE CHEDDAR MILD CUBED,1416.564,35.333333333333336
CHEESE CHEDDAR SLCD,1416.564,1989.3333333333333
CHEESE CHEDDAR SHRD,1416.564,6913.333333333333
PORK SAUSAGE ANDOUILLE,1367.4425,691.6666666666666
PORK BUTT BNLS,1367.4425,4926.666666666667
PORK RIB SPARE ST LOUIS,1367.4425,2487.6666666666665
PORK DICED,1367.4425,870.0
PORK HAM SMKD BNLS CARVE,1367.4425,38.333333333333336
PORK LOIN BNLS MBG #414,1367.4425,946.0
PORK FRITTER WHOLE MUSCLE,1367.4425,136.0
PORK BUTT GROUND FINE,1367.4425,908.6666666666666
BEEF STK FLANK,1264.5754,7392.333333333333
BEEF SLCD MARINATED,1264.5754,37.333333333333336
BEEF ROUND TOP MBG #168 CHOICE,1264.5754,18.0
BEEF STK SKIRT,1264.5754,163.66666666666666
BEEF STK SANDWICH BULK,1264.5754,538.0
BEEF RIBEYE MBG #112A,1264.5754,494.0
BEEF SHRD FC,1264.5754,191.33333333333334
"TRAY CATERWARE 12"" BLACK",925.73254,11.0
TURKEY BRST RAW BNLS,925.73254,5983.666666666667
TRAY FOOD 1/2# COMPOST,925.73254,20.0
TURKEY BACON LAYOUT,925.73254,371.6666666666667
"TRAY CATERWARE 16"" BLACK",925.73254,4.0
TURKEY BURGERS 4OZ,925.73254,953.3333333333334
TURKEY GROUND 90-10/93-7,925.73254,80.0
"TRAY CATERWARE 18"" BLACK",925.73254,3.3333333333333335
CHEESE AMER YEL SLCD 160CT,705.9953,4020.0
CEREAL COLD RICE KRISPIES,705.9953,4.666666666666667
CEREAL COLD SP K W/BERRIES,705.9953,6.0
CHEESE BLEU CRUMBLED,705.9953,55.0
CHEESE AMER SHARP WHIT,705.9953,830.0
CEREAL COLD TRIX,705.9953,3.0
CHEESE ASIAGO WHEEL,705.9953,75.0
SHLFSH SHRIMP RAW PD 21-25CT,658.45087,1103.3333333333333
SHLFSH SCALLOPS BAY,658.45087,0.0
SHLFSH SCALLOPS SEA DRY PACK,658.45087,0.0
SHLFSH SHRIMP RAW PLD NO TAIL,658.45087,3640.0
SHLFSH OYSTER SHUCKED,658.45087,0.0
SHLFSH SHRIMP BRD POPCORN,658.45087,311.3333333333333
SHLFSH SHRIMP RAW P&D16-20CT,658.45087,170.0
SHLFSH SHRIMP BRD 16-20CT,658.45087,74.66666666666667
BAKEX WHITE TUMBLER CUSTOM PRINT,652.0178,4.0
BAKEX WHT STRAW TUMBLER CUSTOM PRINT,652.0178,4.0
BEEF BRISKET RAW BNLS MBG #120,652.0178,3840.6666666666665
BAKEX SHRINKBAND FOR TIN SM,652.0178,0.0
BAKEX TAPE DELI BAKERY PRINTED,652.0178,0.0
BEEF CHUCK ROLL,652.0178,672.0
BASE CPTL FLAV CONCENTRATE,652.0178,34.0
CHIX BRST TENDER BRD,635.9735,2315.0
CHIX BRST STRIP GRL FC,635.9735,1747.6666666666667
CHIX DRUMS BRD IQF,635.9735,53.666666666666664
CHIX CHUNK TEMPURA BRD,635.9735,104.66666666666667
CHIX BRST WHL BNLS 7-8OZ,635.9735,2.6666666666666665
CHIX DICED DARK MEAT,635.9735,262.0
CHIX DRUMSTICK,635.9735,7.0
CHIX BRST NAT FILET SKNLS GF 4OZ,534.9114,1797.0
CHIX BRST FILET FC 4OZ,534.9114,2.0
CHIX BRST SLCD MARINATED,534.9114,162.33333333333334
CHIX BRST SPICY BRD 4OZ,534.9114,9.333333333333334
CHIX BRST FILET BRD SLIDER,534.9114,105.33333333333333
"CHIX BRST FC DICED 3/4""",534.9114,35.333333333333336
CHIX BNLS WING/BRST FRITTER,534.9114,1396.3333333333333
CHIX BRST FILET BRD 4OZ,534.9114,759.6666666666666
DELI PEPPERONI SAND,446.1198,31.333333333333332
DELI GYROS LOAF SLCD 1/3OZ HALAL,446.1198,42.0
DELI PEPPERONI SLCD,446.1198,45.666666666666664
"DAYDOTS WED 1"" RED",446.1198,6.666666666666667
DELI CHIX BRST FC,446.1198,1740.6666666666667
"DAYDOTS WED 2"" RED",446.1198,20.666666666666668
"DAYDOTS TUE 2"" YEL",446.1198,22.333333333333332
DELI BEEF RST SELECT FC,446.1198,1702.0
# BEEF MOCK TENDER KOSHER,344.80692,509.0
# BEEF GROUND FRESH 80/20,344.80692,2144.3333333333335
# BEEF BRISKET KOSHER,344.80692,63.333333333333336
# ATH BEV MIX HOT CHOC,344.80692,0.6666666666666666
# ATH BEEF CHEESE STK MEAT FC,344.80692,17.333333333333332
# BEVI CUCUMBER,344.80692,6.666666666666667
# BEVI BLOOD ORANGE,344.80692,7.0
# BEEF PATTY FC 5OZ CONCESSION,344.80692,12.666666666666666
PORK SAUSAGE ITAL LOOSE,323.949,300.0
PORK SAUSAGE ITAL HOT ROPE,323.949,64.0
PORK SAUSAGE ITAL SWT ROPE,323.949,1150.3333333333333
PORK SAUSAGE KIELBASA,323.949,376.6666666666667
PORK SAUSAGE PATTY FC 2OZ,323.949,370.0
PORK SAUSAGE CHORIZO LINK,323.949,16.666666666666668
PORK SAUSAGE CHORIZO LOOSE BULK,323.949,13.333333333333334
CHEESE FETA,296.18344,575.0
CHEESE DOMESTIC GRATED,296.18344,729.6666666666666
CHEESE MOZZ FRESH SLCD 1OZ NO BRINE,296.18344,44.0
CHEESE MOZZ,296.18344,273.0
CHEESE MOZZ FRESH BALL 0.6OZ,296.18344,10.0
CHEESE GOUDA SMOKED,296.18344,75.0
CHEESE MONTEREY JACK,296.18344,336.0
CHEESE SWISS SLCD,286.48282,176.66666666666666
CHEESE ROMANO GRATED IMPORTED,286.48282,710.0
CHIX 8-WAY/9-WAY BRD,286.48282,2.6666666666666665
CHIPS TORTILLA WHIT TRIANGLE,286.48282,66.66666666666667
CHEESE SWISS,286.48282,538.3333333333334
CHEESESTICK MOZZ BTD,286.48282,446.3333333333333
CHILES GREEN DICED,286.48282,11.333333333333334
PORK BACON SLCD LAYOUT 18-22CT,262.22772,457.3333333333333
POLO CAMPUS DINING METZ,262.22772,11.666666666666666
PORK BACON CANADIAN STYLE,262.22772,601.0
PORK BACON CRUMBLES FC,262.22772,48.666666666666664
PORK BACON HARDWOOD SMOKED 13-17CT,262.22772,335.3333333333333
PORK BACON FC ROUND,262.22772,163.0
PORK BACON FC SLCD,262.22772,120.33333333333333
"FISH TUNA SUSHI DICED .5""",227.86362,452.3333333333333
FISH TUNA LIGHT CANNED,227.86362,38.333333333333336
FISH TILAPIA,227.86362,1053.3333333333333
FISH SURIMI SEAFOOD FLAKES,227.86362,7.666666666666667
FISH SWAI FILET,227.86362,310.6666666666667
FLEECE ABS QTR ZIP NAVY 2XL,227.86362,0.0
FLAV MIX GARAM MASALA,227.86362,2.0
FLATWARE PLSTC KNIVES BL,227.86362,7.0
# HUB BOWL REC 44 OZ COMPOST,218.23566,16.333333333333332
# JIF PEANUT BUTTER SAUCE,218.23566,1.3333333333333333
# HUB BOWL REC 30OZ COMPOST,218.23566,45.333333333333336
# HUB APP POTSTICKER PORK,218.23566,17.333333333333332
# HOT DOG BEEF 8/# KOSHER,218.23566,174.33333333333334
"# LANYARD 36"" CONFERENCE ONLY",218.23566,1158.3333333333333
# HUB LID DOME 32&48 OZ REC BOWL,218.23566,48.666666666666664
VEG FZN POT F/F HASH BROWN SHRD,208.61826,133.0
VEG FZN MIXED,208.61826,16.333333333333332
VEG FZN ONION RING NAT CUT,208.61826,110.33333333333333
VEG FZN PEAS,208.61826,31.0
VEG FZN PEAS SUGAR SNAP,208.61826,35.333333333333336
VEG FZN POT CHIPS,208.61826,57.333333333333336
VEG FZN POT F/F COLOSSAL CRISP,208.61826,895.0
VEG FZN POT F/F CRISS CUT,208.61826,412.0
$$ PEPPER SWEET TANGY DROPS,180.10806,0.0
$$ PEPSI AQUAFINA WTR 16.9OZ PL 1/24 PK,180.10806,1294.6666666666667
$$ PITAYA BOWL PROTEIN BLUE SPIRULINA,180.10806,10.0
$$ PITAYA BOWL PROTEIN ACAI,180.10806,13.666666666666666
$$ PEPERO STICK ALMOND,180.10806,0.3333333333333333
$$ PEPPER STUFFED SWEET PEPPERAZZI,180.10806,0.0
$$ PEPPER SLCD SWEET AND HOT TRICOLOR,180.10806,0.0
# CHO BREAD NAAN,162.72807,86.33333333333333
# CHO MANGO LASSI,162.72807,80.0
# CHO MANGO LEMONADE CONCENTRATE,162.72807,29.666666666666668
# CHO LABEL MANGO LASSI,162.72807,0.0
# CHO MARINADE CHIX SALMON PANEER,162.72807,99.66666666666667
# CHO CHEESE PANEER CUBES,162.72807,45.666666666666664
# CHO CHAI TEA,162.72807,31.666666666666668
# CHIX THIGH BNLS SKNLS SPLIT KOSHER,162.72807,937.0
JUICE FZN EXPRESS CRANBERRY,157.27768,37.333333333333336
JACKET AIRPOT SBC REG,157.27768,0.0
JUICE FZN EXPRESS APPLE,157.27768,101.33333333333333
JELLY PRESERVES STRAWB,157.27768,2.3333333333333335
JELLY GRAPE,157.27768,3.6666666666666665
HORSERADISH PREPARED,157.27768,3.0
HOODED JACKET - XL,157.27768,31.666666666666668
HOT DOG BEEF 8/#,157.27768,1153.6666666666667
EGG FZN WHITS,141.79185,76.66666666666667
EGGROLL VEG 3OZ,141.79185,44.666666666666664
EMPANADA CHIPOTLE CHIX MINI,141.79185,3.0
EGG FRESH,141.79185,169.33333333333334
EGG WHL PLD COOKED,141.79185,116.33333333333333
EGG SUBSTITUTE LIQUID,141.79185,20.333333333333332
EGG LIQUID WHL,141.79185,560.0
DOUGH ROLL CIABATTA FB 3.2OZ,128.01648,11.0
DOUGH PIZZA BALL 6 OZ,128.01648,95.66666666666667
DONUT MINI CAKE ASST 1.25 OZ,128.01648,45.666666666666664
DONUT CRULLER .8 OZ,128.01648,63.666666666666664
DOUGH PIZZA BALL LG,128.01648,774.3333333333334
"DOUGH PUFF SQ 5""X5""",128.01648,22.0
DRESS BLUE CHEESE,128.01648,8.333333333333334
DRESS 1000 ISLAND,128.01648,6.0
$$ WALKING TACO DORITOS NACHO,110.47753,479.6666666666667
$$ YOG CHOB MIXED BERRY,110.47753,79.33333333333333
$$ YOG CHOB FLIP COOKIE DOUGH,110.47753,49.0
$$ YOG CHOB FLIP STRAWB CHEESECAKE,110.47753,32.333333333333336
$$ WALKING TACO FRITOS SCOOPS,110.47753,76.33333333333333
$$ YOG CHOB FLIP COOKIES & CREAM,110.47753,37.666666666666664
$$ WALKING TACO TOSTITOS SALSA VERDE,110.47753,121.0
$$ YOG CHOB BLUEB,110.47753,28.333333333333332
VEG FZN POT F/F TATER TOTS,106.28759,164.66666666666666
VEG FZN POT FRIES COATED KOSHER,106.28759,19.0
VEG FZN POT F/F TRIM,106.28759,232.0
VEG FZN POT F/F STK,106.28759,6.666666666666667
VEG FZN POT F/F SIDEWINDERS,106.28759,18.666666666666668
VEG FZN POT F/F SEASONED TWIST,106.28759,175.0
VEG FZN POT F/F PATTY,106.28759,113.0
PORK SAUSAGE RAW 1OZ LINK,103.18454,642.6666666666666
PUDDING RTE VANILLA,103.18454,2.6666666666666665
PUDDING RTE CHOCOLATE,103.18454,3.6666666666666665
PORK SAUSAGE RAW 2OZ LINK,103.18454,47.0
PRETZEL STK SOFT BAVARIAN,103.18454,24.666666666666668
PORK SAUSAGE TOPPING,103.18454,35.666666666666664
PRETZEL SOFT JUMBO 5.5OZ,103.18454,22.666666666666668
PRETZEL BITES,103.18454,37.666666666666664
MUSHROOM PULLED SHITTAKE FZN BULK,98.269485,15.666666666666666
NAPKIN BEV PRINTED PENN STATE MARK,98.269485,3.3333333333333335
MIX WAFFLE EUROPEAN,98.269485,48.333333333333336
NAME TAG-SCH OF HOS MGMT,98.269485,0.0
NAME TAG HFS STDNT/TECH,98.269485,658.6666666666666
MIX WAFFLE/PANCAKE AF,98.269485,5.0
MISO TRADITIONAL,98.269485,36.333333333333336
SAUCE RANCH DISP PACK,91.43047,97.0
SAUCE SWEET BABY RAY KOREAN BBQ,91.43047,5.666666666666667
SAUCE REST A-1 15OZ,91.43047,4.666666666666667
SAUCE SALSA,91.43047,41.666666666666664
SAUCE MUSTARD YEL DISP PACK,91.43047,15.0
SAUCE PIZZA GF,91.43047,226.0
SAUCE PASTA,91.43047,322.6666666666667
SAUCE SOY,91.43047,41.333333333333336
GRAIN RICE JASMINE,89.15108,204.0
GRAIN RICE SUSHI,89.15108,11.0
GRANOLA VANILLA BULK AF,89.15108,108.0
GRILLSCREEN,89.15108,4.333333333333333
GRAIN RICE BROWN LONG KOSHER,89.15108,40.333333333333336
GRAIN RICE CONVERTED LONG KOSHER,89.15108,370.0
GRAIN RICE WILD BLEND,89.15108,3.6666666666666665
GRAIN SORGHUM,89.15108,4.333333333333333
"# ROLL AMOROSO ESL 12""",85.606926,27.666666666666668
# ROLL SUB WHET FULLY SLCD THW & SRV,85.606926,161.66666666666666
# SAMBAZON DRAGONFRUIT SCOOPABLE,85.606926,43.0
# SAMBAZON ACAI BERRY SCOOPABLE,85.606926,51.333333333333336
# RUGELACH CHOCOLATE KOSHER,85.606926,7.0
# ROLL CHALLAH PARVE KOSHER,85.606926,11.333333333333334
# ROLL SUB WHIT FULLY SLCD THW & SRV,85.606926,343.6666666666667
# TURKEY GROUND KOSHER,83.437744,306.6666666666667
$$ 5HR GRAPE XS,83.437744,0.0
# VEG SAUERKRAUT KOSHER,83.437744,1.0
"# TIN 8.125""X3"" CUSTOM MURAL",83.437744,0.0
# TURKEY BACON KOSHER,83.437744,138.0
# VEGAN HOT DOG KOSHER,83.437744,0.6666666666666666
# TURKEY BRST WHOLE BONE IN KOSHER,83.437744,163.66666666666666
"STIRRER WOODEN 7.5""",78.05072,0.0
STB SYRUP HAZELNUT,78.05072,0.0
STEAMED BUN,78.05072,25.0
"STRAW PLSTC JUMBO 7.75""",78.05072,11.0
SUGAR GRANULATED KOSHER,78.05072,544.0
SUGAR BROWN LT 1LB KOSHER,78.05072,4.333333333333333
SUGAR BROWN #8 LT,78.05072,42.333333333333336
"STRAW 1/2"" DIAMETER FOR BUBBLE TEA",78.05072,2.0
$$ BEV CHOB YOG PEACH 7OZ,75.42986,81.33333333333333
$$ BEV CHOB PROTEIN STRAWB CREAM,75.42986,93.0
$$ BEV CHOB PROTEIN MIXED BERRY,75.42986,87.66666666666667
$$ BARE FUJI & REDS APPLE 1.4OZ,75.42986,10.666666666666666
$$ BEV CHOB PROTEIN COOKIES N CRÈME,75.42986,55.333333333333336
$$ BEV CHOB YOG STRAW'NANA 7OZ,75.42986,124.33333333333333
$$ BEV CHOB YOG MIX'T BERRIES 7OZ,75.42986,85.66666666666667
BEV MIX NES ALEGRIA CHOC BEV MIX,74.20733,9.0
BEV BASE FZN SMOOTHIE BERRY,74.20733,13.0
BEEF STRIPLOIN BNLS MBG #180,74.20733,452.0
BEV MIX COCOA SWISS MISS,74.20733,0.3333333333333333
BEV MIX NES ALEGRIA SWT,74.20733,2.6666666666666665
BEV MIX NES SBC COFFEE PS WB,74.20733,11.0
BEV BASE FZN SMOOTHIE STRAWB/BAN,74.20733,22.666666666666668
BEEF TENDERLOIN WHL MBG #189A,74.20733,115.33333333333333
SYRUP TABLE,73.557014,71.33333333333333
TAHINI PASTE,73.557014,13.0
TEA CONC TEAV CHAI NONSWT,73.557014,204.0
TEA TEAV BLACK ICED 1.25OZ,73.557014,17.0
SYRUP COFFEE CARAMEL,73.557014,46.666666666666664
SYRUP COFFEE CLASSIC,73.557014,42.666666666666664
SYRUP COFFEE SF VAN,73.557014,26.666666666666668
SYRUP COFFEE VANILLA,73.557014,194.33333333333334
ROLL DINNER ASST,73.37106,8.333333333333334
ROLL POTATO,73.37106,371.3333333333333
ROLL HOT DOG POTATO,73.37106,17.666666666666668
ROLL HAWAIIAN ORIGINAL SWEET,73.37106,11.333333333333334
ROLL GF HAMBURGER,73.37106,23.333333333333332
ROLL GF HOAGIE,73.37106,30.0
SAUCE BBQ,73.37106,46.0
ROLL HAMBURGER HAWAIIAN,73.37106,86.0
FLOUR RICE WHIT KOSHER,72.61259,8.0
FLEECE HFS QTR ZIP NAVY XL,72.61259,1.6666666666666667
FLOUR ARTISAN,72.61259,151.33333333333334
FRENCH TOAST STICKS,72.61259,263.0
FLOUR CORN MASA HARINA,72.61259,0.0
FLEECE HFS QTR ZIP NAVY MED,72.61259,2.3333333333333335
FLOUR ALL PURPOSE,72.61259,101.66666666666667
# BOBA SYRUP PEACH,69.41874,0.6666666666666666
# BOBA SYRUP PURE CANE SUGAR,69.41874,2.6666666666666665
# BOBA SYRUP STRAWBERRY,69.41874,6.333333333333333
# BOBA TAPIOCA BLACK PEARLS,69.41874,7.0
# BOBA TEA BLACK,69.41874,0.6666666666666666
# BOBA TEA GREEN JASMINE,69.41874,2.0
# BOWL W/LID MW 24 OZ,69.41874,542.6666666666666
# BOX 8X6X3 COMPOST KRAFT,69.41874,11.333333333333334
# SMUCKER'S STRAWBERRY FRUIT SPREAD,67.71288,0.0
# SOUP BASE VEGETABLE KOSHER,67.71288,1.0
# TIN 3.75 X 3.75 CUSTOM EMOJI,67.71288,0.0
"# TIN 8.125""X3"" CUSTOM EMOJI",67.71288,0.0
"# TIN 8.125""X3"" CUSTOM MASCOT",67.71288,150.0
# TIN 3.75 X 3.75 CUSTOM MURAL,67.71288,120.0
# TIN 3.75X3.75 CUSTOM MASCOT,67.71288,220.0
# SMUCKER'S GRAPE FRUIT SPREAD,67.71288,0.0
STB BEV BASE STRAWBERRY ACAI,67.61647,235.0
STB CHIPS FRAPPUCINO,67.61647,8.666666666666666
STB COCONUT MILK,67.61647,65.66666666666667
STB COFFEE COLD BREW CONCENTRATE,67.61647,135.0
STB COFFEE DCF PIKE PLACE 5OZ,67.61647,14.333333333333334
STB BASE SYRUP FRAPPUCCINO,67.61647,13.666666666666666
STB BASE CREME FRAPPUCCINO,67.61647,11.333333333333334
STB BEV BASE MANGO DRAGONFRUIT,67.61647,60.666666666666664
BAKEX LABEL GIFT CARD 3.5X5,64.32383,0.0
BAKEX LABEL CIRLCE 3.5”,64.32383,7.333333333333333
BAKEX GIFT INSERT COOKIE TIN LG,64.32383,571.3333333333334
BAKEX INSERT 3 WAY FOR TIN,64.32383,0.6666666666666666
BAKEX GIFT INSERT COOKIE TIN SM,64.32383,0.0
BAKEX GIFT INSERT MUG COOKIE COFFEE,64.32383,0.0
BAKEX INSERT SINGLE FOR TIN,64.32383,0.0
SAUCE CATSUP DISP PACK KOSHER,63.461197,268.3333333333333
SAUCE CHEESE CHEDDAR,63.461197,11.0
SAUCE CATSUP,63.461197,78.33333333333333
SAUCE BBQ DISP PACK,63.461197,80.0
SAUCE CHEESE NACHO,63.461197,4.333333333333333
SAUCE CATSUP PICKLE DISP PACK,63.461197,0.0
SAUCE BLACK BEAN FERMENTED,63.461197,0.0
BREAD GF SLCD WHIT,63.389664,5.333333333333333
BREAD NAAN TANDOORI,63.389664,80.33333333333333
BREADSTICK PAR BKD 1.8OZ,63.389664,354.6666666666667
"BREAD FLAT 6.5"" X 6.5""",63.389664,21.0
BREAD PUR CUBES FOR STUFFING,63.389664,0.0
BREAD NAAN DIPPER,63.389664,57.0
BREAD CRUMBS PANKO UNTOASTED,63.389664,7.666666666666667
"BRUSH GRILL DBL SIDED 30""",63.389664,1.3333333333333333
VEG FZN BLEND ANTIGUA,63.33517,43.0
VEG FZN BLEND WHL BEAN CARROT,63.33517,37.0
VEG FZN CARROTS WHL BABY,63.33517,16.666666666666668
VEG FZN CORN WHL KERNEL YELLOW,63.33517,177.66666666666666
VEG FZN F/F POT SWT WIDE,63.33517,87.0
VEG FZN EDAMAME,63.33517,56.333333333333336
VEG FZN BLEND ITALIAN,63.33517,23.666666666666668
LANYARD NAVY BREAKAWAY,62.559696,0.0
LABEL OVAL STRIP PRTD 2GO BAKERY,62.559696,0.6666666666666666
LAMB CUBES,62.559696,13.333333333333334
LABEL STRIP PRTD 2GO BAKERY,62.559696,0.0
LABEL STRIP PLAIN WHIT 2GO,62.559696,0.0
LABEL STRIP PRTD 2GO,62.559696,0.0
LAMB HALAL GROUND,62.559696,460.0
OIL OLIVE EXTRA VIRGIN,62.374954,16.0
OIL CANOLA KOSHER,62.374954,0.0
OATMILK OATLY BARISTA BULK,62.374954,82.66666666666667
OIL SESAME,62.374954,88.66666666666667
OIL OLIVE PURE,62.374954,44.666666666666664
OIL COATING PAN AEROSOL,62.374954,111.66666666666667
OIL COATING WAFFLE IRON SPRAY,62.374954,12.333333333333334
OIL VEG CANOLA,62.374954,182.33333333333334
VEG ARTICHOKE HEARTS,62.220013,6.0
VEG BEANS BLACK KOSHER,62.220013,175.33333333333334
TURKEY WHL 20-24LB,62.220013,128.66666666666666
VEG BEANS BAKED VGTN,62.220013,1.6666666666666667
VEG BAMBOO SHOOTS,62.220013,3.0
TURKEY SAUSAGE PATTY RAW 2OZ,62.220013,112.66666666666667
VEG BEANS GREAT NORTHERN,62.220013,14.0
$$ YOG CHOB STRAWB/BAN,61.91177,37.666666666666664
$$ YOG CHOB PROTEIN VANILLA,61.91177,40.0
$$ YOG CHOB VANILLA,61.91177,105.33333333333333
$$ YOG CHOB PROTEIN STRAWB KIWI,61.91177,45.333333333333336
$$ YOG CHOB NON FAT PLAIN,61.91177,45.0
$$ YOG CHOB STRAWB,61.91177,85.66666666666667
$$ YOG CHOB PEACH,61.91177,76.33333333333333
BOWL SOUP 12 OZ COMPOST,61.540783,36.0
BOX PIZZA 10X10X2 CRRGTD,61.540783,57.666666666666664
BOX KRAFT 7.75x5.5x3.5,61.540783,186.66666666666666
BOWL SOUP 16 OZ COMPOST,61.540783,4.333333333333333
BOX KRAFT 4.375X3.562X2.5,61.540783,59.333333333333336
BOX HINGED 3CMP 9X9X3 COMPOST,61.540783,145.0
BOX HINGED 1CMP 6X6X2 COMPOST,61.540783,3.3333333333333335
BOX HINGED 1CMP 9X9X3 COMPOST,61.540783,22.333333333333332
STB SAUCE WHITE CHOCOLATE,61.07524,32.666666666666664
STB SOY MILK VANILLA,61.07524,12.333333333333334
STB MATCHA POWDER,61.07524,53.0
STB SAUCE CARAMEL,61.07524,22.0
STB OATMILK BARISTA,61.07524,202.66666666666666
STB SYRUP BROWN SUGAR,61.07524,27.666666666666668
STB SAUCE CHOCOLATE BITTERSWEET,61.07524,62.666666666666664
STB COFFEE WB ESPRESSO 5LB,60.953827,78.33333333333333
STB FRU DRIED STRAWBERRY,60.953827,40.333333333333336
STB EXTRACT FRAPPUCCINO RST,60.953827,5.333333333333333
STB LEMONADE 48OZ,60.953827,246.0
STB FRU DRIED DRAGONFRUIT,60.953827,28.0
STB ICED COFFEE BLEND 9OZ,60.953827,11.0
STB LID DOME W/ HOLE 12/16/26OZ,60.953827,5.0
STB LID 12/16/26OZ COLD STRAWLESS,60.953827,68.66666666666667
$$ UMBRELLA PSU LOGOED,60.66434,72.66666666666667
$$ UMBRELLA GOLF PSU LOGOED,60.66434,33.0
$$ VASELINE LIP THERAPY COCOA BUTTER,60.66434,3.0
$$ UMBRELLA CLASSIC AUTO OPEN,60.66434,98.66666666666667
$$ TONY'S MILK CHOC CARAMEL SEA SALT,60.66434,9.666666666666666
$$ TORTELLINI 3 CHEESE DELALLO,60.66434,0.0
$$ UMBRELLA SUPER MINI,60.66434,252.33333333333334
COLLEGE DINER STICKY BUNS BULK,59.226418,5.333333333333333
COOKIE BKY RAW CS 1OZ SUG,59.226418,27.333333333333332
COCONUT MILK #10,59.226418,8.666666666666666
COOKIE BKY RAW CS 2OZ CCHIP,59.226418,330.0
COOKIE BKY RAW CS 1OZ PB,59.226418,0.0
COOKIE BKY RAW CS 1OZ CANDY,59.226418,27.0
COOKIE BKY RAW CS 1OZ CCHIP,59.226418,29.333333333333332
PASTA BOWTIE (FARFALLE),59.19387,8.333333333333334
PASTA FZN RAVIOLI CHEESE,59.19387,95.0
PASTA EGG NOODLES,59.19387,46.666666666666664
PASTA FZN SHT REG 4OZ,59.19387,6.666666666666667
"PASTA FETTUCCINI 10"" MED",59.19387,13.666666666666666
PASTA CAVATAPPI/CELLENTANI,59.19387,158.66666666666666
PASTA FZN GNOCCHI,59.19387,16.666666666666668
PASTA FZN TORTELLINI CHEESE,59.19387,211.33333333333334
HOODED JACKET - LARGE,52.93116,27.666666666666668
GUACAMOLE FZN MILD,52.93116,237.33333333333334
HONEY WHIT CLOVER KOSHER,52.93116,46.333333333333336
HOODED JACKET - 2XL,52.93116,14.333333333333334
HOODED JACKET - 3XL,52.93116,6.666666666666667
HOODED JACKET - MEDIUM,52.93116,17.333333333333332
HOODED JACKET - SMALL,52.93116,6.333333333333333
SOUP BASE GF TURKEY,51.707283,6.666666666666667
SOUP BASE GF CLAM,51.707283,1.6666666666666667
SOUP BASE GF BEEF,51.707283,12.0
SOUP BASE GF CHIX,51.707283,29.333333333333332
SLEEVE BURN CUT RESISTANT,51.707283,6.666666666666667
SHORT LIQ FRYING,51.707283,311.6666666666667
SOUP BASE CHICKEN KOSHER,51.707283,1.6666666666666667
$$ HALAL SR BUTTER CHICKEN,51.572384,20.666666666666668
$$ GOGO SQUEEZ AL CHERRY RASP LIME,51.572384,15.666666666666666
$$ GOGO SQ AL BLUEB STRAWB LEMON,51.572384,12.333333333333334
$$ GOGO SQUEEZ APPLESAUCE 3.2OZ,51.572384,137.0
$$ GUACAMOLE W TOSTITO,51.572384,21.666666666666668
$$ GOGO SQUEEZ AL STRAWB PINE ORANGE,51.572384,80.0
$$ GOGO SQUEEZ APPLE CINN POUCH 3.2OZ,51.572384,148.33333333333334
$$ GNOCCHI POTATO DELALLO,51.572384,0.0
CAP BULK MILK DISP INSERT,51.290504,0.3333333333333333
CAP NAVY LIVEON,51.290504,261.6666666666667
BUN PRETZEL 4OZ,51.290504,36.666666666666664
CAP CAR BL INTERN,51.290504,0.3333333333333333
BUN PRETZEL SALT KING HAWAIIAN,51.290504,28.666666666666668
CAP CHARCOAL CUL ASST,51.290504,11.333333333333334
CAP GOLD SR MAN,51.290504,2.0
NUT COCONUT SNOWFLAKE,47.640606,12.666666666666666
NAPKIN DISP PRINTED BJC,47.640606,3.3333333333333335
NOODLE RICE,47.640606,10.0
NAPKIN MORNAP 13X12 NAT,47.640606,267.0
NOODLE FZN LO MEIN PRECOOKED,47.640606,31.666666666666668
NORI SUSHI TOASTED,47.640606,45.333333333333336
NOODLE RICE STICKS,47.640606,2.3333333333333335
NOODLE UDON PRE-COOKED,47.640606,17.666666666666668
SAUCE SWEET BABY RAY NASHVILLE,47.260284,0.0
SAUCE TABASCO,47.260284,11.666666666666666
SAUCE TERIYAKI,47.260284,29.333333333333332
SAUCE WORCESTERSHIRE,47.260284,4.333333333333333
SAUSAGE BRATWURST,47.260284,286.6666666666667
SBC CLNR BARISTA MACHINE URNEX,47.260284,0.0
SAUCE TACO,47.260284,3.3333333333333335
WINEW SAUV BLANC WHITEHAVEN MARLBOROUGH,46.416058,0.0
WINEW SAUV BLANC VR KEN JACK,46.416058,0.0
YOG CHOB BULK PLAIN 0% FAT,46.416058,55.0
WINEW PIN GRIG PS RMON,46.416058,0.0
WINEW SAUV BLANC PS RMON,46.416058,0.0
YOG CHOB BULK VANILLA,46.416058,347.0
WINEW TRAMINETTE HAPVAL,46.416058,0.0
WINEW SAUV BLANC CA WMHILL ESTATE,46.416058,0.0
YOG SO DELICIOUS ND BULK PLAIN,46.416058,15.666666666666666
REGISTER TAPE MICROS SYSTEM,46.081646,10.666666666666666
RIBBON FOR 2GO LABEL PRINTER,46.081646,0.3333333333333333
PUMP MONIN SYRUP,46.081646,0.0
ROLL CROISSANT ROUND 2.5OZ,46.081646,217.66666666666666
RICE MILK KOSHER,46.081646,28.0
REGISTER TAPE STICKY 80MM,46.081646,24.0
"PUFF PASTRY SHT 10""X15""",46.081646,6.0
CRM WHIPPING LT AEROSOL,44.67336,75.66666666666667
CROISSANT SLCD 2OZ,44.67336,165.33333333333334
CRACKER SALTINE 2PK,44.67336,13.0
CREAMER COFFEEMATE FRNCH VANILLA,44.67336,8.333333333333334
CREAMER COFFEEMATE ORIGINAL,44.67336,1.6666666666666667
CROISSANT CHOC RTB LG,44.67336,61.666666666666664
CREAMER COFFEEMATE HAZELNUT,44.67336,4.666666666666667
$$ YOG OIKOS VANILLA 5.3OZ,44.1393,37.333333333333336
$$ YOG SILK ND STRAWBERRY,44.1393,43.666666666666664
$$ YOG SILK ND BLUEBERRY,44.1393,19.0
$$ YOG SO DELICIOUS ND RASPBERRY,44.1393,10.0
$$ YOG SILK ND VANILLA,44.1393,35.0
$$ YOG OIKOS BLUEBERRY 5.3OZ,44.1393,12.0
$$ YOG OIKOS TRIP ZERO STRAWB 5.3OZ,44.1393,85.33333333333333
$$ YOG OIKOS TRIP ZERO MIXED BERRY,44.1393,92.0
PASTA MACARONI ELBOW,44.057964,44.333333333333336
PASTA GF PENNE KOSHER,44.057964,10.333333333333334
PASTA ORZO,44.057964,3.6666666666666665
PASTA GEMELLI,44.057964,16.666666666666668
PASTA FZN TORTELLINI TRI-CLR CHEESE,44.057964,0.0
PASTA PENNE,44.057964,224.66666666666666
PASTA LINGUINE #12,44.057964,15.0
DSSRT BD CHOC BACIO DI DAMA,44.00462,22.666666666666668
DSSRT BD CAKE RICOTTA PISTACHIO,44.00462,0.0
DSSRT BD LEMON BAR,44.00462,14.0
DSSRT BAKLAVA,44.00462,11.0
DRESS VIN BALSAMIC,44.00462,13.333333333333334
DRESS RANCH REG,44.00462,49.333333333333336
DRESS MIX RANCH HIDDEN VALLEY,44.00462,38.0
DRESS MAYONNAISE GAL,44.00462,205.0
# CHIX BONES KOSHER,39.92661,235.33333333333334
# CHEEZ WHIZ SPREAD POUCH,39.92661,31.0
# BTRSTA THAI TEA,39.92661,5.333333333333333
# CHIX TENDERS KOSHER,39.92661,17.666666666666668
# BTRSTA STRAWBERRY,39.92661,2.6666666666666665
# BTRSTA TAPIOCA BROWN SUGAR,39.92661,4.333333333333333
# CHIX BRST BNLS SKNLS KOSHER,39.92661,0.0
JUICE LIME,39.202255,34.666666666666664
JUICE PINEAPPLE,39.202255,21.666666666666668
JUICE LEMON,39.202255,20.333333333333332
JUICE FZN EXPRESS POM LEMONADE,39.202255,17.333333333333332
JUICE FZN EXPRESS LEMONADE,39.202255,27.333333333333332
JUICE FZN EXPRESS ORANGE,39.202255,122.0
JUICE FZN EXPRESS PASSION ORG GUAVA,39.202255,24.666666666666668
$$ SAMYANG CARBO CHIX TOPOKKI HOT,39.105625,20.333333333333332
$$ SAMYANG RAMEN CHIX HOT CARBO,39.105625,217.0
$$ SAMYANG RAMEN BULDAK,39.105625,93.0
$$ SAMYANG QCHZ BULDAK RAMEN 5PK,39.105625,6.0
$$ SAUCE PREMIUM VODKA DELALLO,39.105625,0.0
$$ SAMYANG BULDAK CARBO RAMEN 5PK,39.105625,10.0
$$ SAPPORO ICHIBAN RAMEN ORG,39.105625,0.0
$$ SAMYANG BULDAK HAB LIME RAMEN 5PK,39.105625,1.6666666666666667
FILTER COFFEE 1.5GAL,38.50966,2.6666666666666665
FILTER COFFEE 15.5 X 5.5,38.50966,1.3333333333333333
FILTER FRYER 13.5 X 20.5 ENVLP HP,38.50966,2.3333333333333335
FILTER COFFEE 12.3X4.75,38.50966,0.3333333333333333
FISH COD LOIN 6OZ,38.50966,276.3333333333333
FILL PIE CHERRY,38.50966,5.666666666666667
FISH CALAMARI BREADED,38.50966,12.666666666666666
FILL PIE BLUEBERRY,38.50966,4.0
# CHO SOUP CHICKPEA MASALA,38.114384,55.666666666666664
# CHO SAUCE SPICY MANGO,38.114384,8.0
# CHO SOUP BLACK LENTIL,38.114384,52.666666666666664
# CHO SAUCE MINT YOGURT,38.114384,11.333333333333334
# CHO SAUCE SWEET TANGO,38.114384,5.333333333333333
# CHO SOUP YELLOW LENTIL,38.114384,34.333333333333336
# CHO SPICE RANCH MIX,38.114384,1.0
# CHO SOUP TIKKA MASALA,38.114384,167.0
# PC APPLESAUCE KOSHER,37.931103,5.0
# PEPPERS BANANA RING HOT KOSHER,37.931103,1.3333333333333333
"# ROLL AMOROSO 7""",37.931103,120.66666666666667
# ROAST TURKEY KOSHER,37.931103,176.33333333333334
# POTATO PANCAKE LATKE PARVE KOSHER,37.931103,10.0
# PEPPERAZZI GARLIC/HERB STUFFED,37.931103,0.0
# PEPPER SWEET AND TANGY DROP,37.931103,0.0
"# PIZZA 16"" CHEESE",37.931103,8.333333333333334
$$ BKY CS COOKIE CCHIP 3.125,37.19634,129.33333333333334
$$ BISCOTTI CINNAMON ALMOND,37.19634,0.0
$$ BKY CS ICED BROWN,37.19634,36.666666666666664
$$ BKY CS BROOKIE,37.19634,52.666666666666664
$$ BINGGRAE SAMANCO CHOC 4PK,37.19634,27.0
$$ BINGGRAE MILK BANANA,37.19634,53.333333333333336
$$ BOLT PROBAR RASPBERRY W/CAFFEINE,37.19634,7.0
$$ BISCOTTI VANILLA ALMOND,37.19634,0.0
BAKEA CHOC DROPS 4000-5000CT,36.880142,33.666666666666664
BAKEA BAKING SODA,36.880142,5.666666666666667
BAKEA CHOC MORSELS SEMI SWT 900CT,36.880142,13.333333333333334
APP SHLFSH CRAB RANGOON,36.880142,69.66666666666667
BAKEA CORN SYRUP LT CRYSTAL,36.880142,7.0
BAKEA CHOC CHIP WHIT,36.880142,3.3333333333333335
APP SAMOSA VEG,36.880142,8.333333333333334
BAKEA CROISSANT RAW PLAIN,36.880142,152.66666666666666
APP MACARONI & CHEESE BITES,36.268417,95.66666666666667
APP PICKLE CHIP FRIED,36.268417,11.666666666666666
$$ YP TOPOKKI RICE CAKE W/SAUCE,36.268417,12.0
APP CHIX SKEWER HALAL FIRE GRLD,36.268417,41.666666666666664
ADAPTER CONDIMENT DISPENSER CO2,36.268417,0.0
APP PAKORA VEG,36.268417,2.6666666666666665
APP POTSTICKER PORK STEAMED,36.268417,78.33333333333333
# ENTRÉE PREP EGGPLANT RND KOSHER,33.656612,0.6666666666666666
# EGGROLL BEEF CHEESE STK 3.0OZ,33.656612,1.3333333333333333
# FISH COD BEER BATTER 2-3OZ,33.656612,0.0
# DSSRT MINI BD BABY CAKES ASST,33.656612,0.3333333333333333
# EGG PATTY WHL,33.656612,153.0
# CRMRY MILK NONFAT POWDER,33.656612,133.0
# GUACAMOLE KOSHER,33.656612,0.0
# CRMRY LID HIGH DOME FOR 6 OZ BOWL,33.656612,0.6666666666666666
VGTN PATTY BLK BEAN 3.3OZ,33.31868,14.333333333333334
VGTN BURGER CRUMBLES,33.31868,79.0
VEGAN PATTY 4OZ BEYOND BURGER,33.31868,13.666666666666666
VGTN CHIX TENDER INCOGMEATO,33.31868,56.0
VEG TOMATO PUREE KOSHER,33.31868,35.666666666666664
VEGAN MAYO,33.31868,9.333333333333334
VEGAN PATTY BURGER,33.31868,56.333333333333336
VGTN BULGOGI BEEF SOY BASED,33.31868,11.666666666666666
CLNR ALCOHOL SWAB,33.13186,96.66666666666667
CLNR ALTO SHM SCALE FREE,33.13186,2.6666666666666665
CHOPSTICKS,33.13186,2.0
CHIX WING RAW MARINATED IQF,33.13186,0.0
CHIX WHIT/DARK DICED FC,33.13186,82.0
CHIX WING FC,33.13186,78.33333333333333
CLNR ALTO SHM COMBICLN CTPTAB,33.13186,10.333333333333334
CHUTNEY TAMARIND,33.13186,1.6666666666666667
SAUCE FISH,32.3521,2.0
SAUCE FRANKS STINGIN HONEY GARLIC,32.3521,9.333333333333334
SAUCE FZN HUNAN,32.3521,3.0
SAUCE FZN STIR FRY DARK,32.3521,1.3333333333333333
SAUCE CHILI,32.3521,4.666666666666667
SAUCE CHILI SRIRACHA KOSHER,32.3521,29.666666666666668
SAUCE CHEESE QUESO BLANCO,32.3521,173.66666666666666
SAUCE FRANKS BUFFALO DISP PACK,32.3521,42.333333333333336
# BJC CARRY OUT TRAYS,30.831293,2.6666666666666665
# BJC HOT DOG BEEF 6/#,30.831293,185.66666666666666
# BJC BOX FRYBASKET WHITE,30.831293,6.0
"# BJC LID DOME FOR 16"" SQ PLATTER",30.831293,1.3333333333333333
"# BJC LID DOME FOR 12"" SQ PLATTER",30.831293,1.6666666666666667
# BJC HOT DOG BEEF 8/#,30.831293,40.0
# BJC CLAMSHELL BURGER WHITE,30.831293,0.0
# BJC CLAMSHELL HOTDOG WHITE,30.831293,0.6666666666666666
# MATZO BALL PRE MADE KOSHER,29.822039,1.6666666666666667
# PASTRAMI KOSHER,29.822039,194.33333333333334
# LINEN TABLE 90X132 WHITE,29.822039,0.0
# LINEN TABLE 90X132 NAVY,29.822039,0.0
"# LINEN TABLE 90"" X 132"" BLACK",29.822039,0.0
# PASTRY MINI BD MIGNON ASST,29.822039,0.0
# OATS ROLLED OLD FASHIONED GF,29.822039,25.333333333333332
SHIRT TEE NAVY 3XLARGE,29.573782,1.0
SHIRT POLO NAVY SMALL,29.573782,0.0
SHIRT TEE NAVY MEDIUM,29.573782,108.66666666666667
SHIRT TEE NAVY LARGE,29.573782,81.66666666666667
SHIRT TEE NAVY 2XLARGE,29.573782,8.0
SHIRT POLO NAVY XLARGE,29.573782,11.0
SHIRT POLO NAVY W/PKT 4XLARGE,29.573782,0.0
$$ NONGSHIM SHIN RAMEN TOOMBA 4PK,29.46998,3.3333333333333335
$$ OH SNAP COOL BEANS 1.5 OZ,29.46998,6.0
$$ OH SNAP DILLY BITES 3.25 OZ,29.46998,134.0
$$ OH SNAP CARROT CUTIES 2.25 OZ,29.46998,9.333333333333334
$$ NONGSHIM SHIN RAMEN BLK 4PK,29.46998,15.0
$$ OATMILK ORIGINAL 11OZ,29.46998,19.666666666666668
$$ OATMILK CHOCOLATE 11 OZ,29.46998,14.333333333333334
VEG BEETS SLCD,29.006296,4.666666666666667
VEG CHESTNUTS WATER SLCD,29.006296,7.0
VEG BEANS PINTO,29.006296,16.666666666666668
VEG CORN EARS WHL BABY,29.006296,6.666666666666667
VEG FZN BEANS GREEN WHL,29.006296,115.66666666666667
VEG BEANS RED,29.006296,3.3333333333333335
VEG BEANS REFRIED,29.006296,50.333333333333336
VEG BEANS RED KIDNEY,29.006296,16.666666666666668
GRAIN FARRO,28.698404,3.3333333333333335
GRAIN QUINOA,28.698404,19.0
GRAIN RICE BASMATI,28.698404,155.66666666666666
GRAIN CORNMEAL YELLOW,28.698404,2.6666666666666665
GRAIN BARLEY SCOTCH,28.698404,3.3333333333333335
GRAIN COUS COUS,28.698404,3.6666666666666665
GRAIN COUS COUS ISRAELI,28.698404,0.6666666666666666
SAUCE HOT KOSHER,27.922846,40.333333333333336
SAUCE FZN THAI CHILI GARLIC,27.922846,13.333333333333334
SAUCE HONEY MUSTARD DISP PACK,27.922846,68.66666666666667
SAUCE MUSTARD DIJON KOSHER,27.922846,14.0
SAUCE MUSTARD WHL GRAIN,27.922846,7.666666666666667
SAUCE MUSTARD YEL,27.922846,5.666666666666667
SAUCE GF TAMARI SOY,27.922846,30.0
$$ ORION TURTLE CHIPS SEAWEED,27.827967,10.333333333333334
$$ PC HUMMUS W/PRETZEL RSTD PEPPER,27.827967,31.333333333333332
$$ PC HUMMUS W/PRETZEL RSTD GARLIC,27.827967,31.0
$$ OH SNAP SASSY BITES 3.25 OZ,27.827967,43.333333333333336
$$ PASTA CAVATAPPI #67,27.827967,0.0
$$ PC HUMMUS W/PRETZEL CLASSIC,27.827967,35.0
$$ OH SNAP HOTTIE BITES 3.25 OZ,27.827967,62.333333333333336
$$ OIL GARLIC PARMESAN DIPPING,27.827967,0.0
BAKEA FLOUR WW,27.743706,1.3333333333333333
BAKEA DONUT FRITTER APPLE,27.743706,24.666666666666668
BAKEA DOUGH BREAD ITALIAN,27.743706,31.333333333333332
BAKEA FLOUR PASTRY,27.743706,27.666666666666668
BAKEA EGG FZN WHL FORTIFIED,27.743706,53.333333333333336
BAKEA GRAIN BULGHUR,27.743706,61.0
BAKEA INVERT SUGAR,27.743706,1.6666666666666667
BAKEA FLOUR CAKE,27.743706,10.666666666666666
VEG TOMATO DICED IN JUICE KOSHER,27.424864,100.0
VEG PEPPERS RSTD,27.424864,13.666666666666666
VEG POT GRANULES/PEARLS,27.424864,12.666666666666666
VEG SAUERKRAUT,27.424864,9.0
VEG TOMATO CRUSHED CONC,27.424864,33.666666666666664
VEG TOMATO PASTE,27.424864,5.333333333333333
VEG POT SCALLOPED MIX DRY,27.424864,14.0
BAKEX BOX SHIP 3.125 OZ COOKIE AND TINS,26.774261,0.0
BAKEX BOX GIFT SHIP SM,26.774261,183.33333333333334
BAKEX COOKIE JAR CUSTOM PRNT,26.774261,1.3333333333333333
BAKEX BOX SHIP INSERT,26.774261,20.0
BAKEX BOX SHIP COOKIE 10 PK,26.774261,0.0
BAKEX BOX SHIP COOKIE PUCK,26.774261,0.0
BAKEX BOX SHIP BROWNIE,26.774261,4.333333333333333
BAKEX BOX SHIP BROOKIE,26.774261,0.0
BOWL CATERING 5LB BL DISPOSABLE,26.585188,0.0
BOWL 8OZ COMPOST,26.585188,11.0
BIG MOZZ NUGGETS,26.585188,13.333333333333334
BOWL 12OZ RD COMPOST,26.585188,10.666666666666666
BLADES REPL KEATING GRL/SCRP,26.585188,2.6666666666666665
BISCUIT BUTTERMILK LG FZN,26.585188,7.0
BISCUIT BUTTERMILK FZN,26.585188,110.0
PCI LNDRY CORNERSTONE JACKET,25.990158,0.0
PEANUT BUTTER CRMY,25.990158,7.333333333333333
PEPPERS JALAPENO SLCD,25.990158,52.333333333333336
PEPPERS PEPPERONCINI HOT WHL GREEN,25.990158,1.3333333333333333
"PICK BAMBOO KNOT 3.5""",25.990158,2.6666666666666665
PEPPERS BANANA RING,25.990158,46.333333333333336
PICKLE CHIPS DILL THIN KOSHER,25.990158,104.66666666666667
PASTE VINDALOO,25.442053,0.6666666666666666
PC CHEESE CRM 1OZ,25.442053,160.66666666666666
PASTE PRESERVED LEMON,25.442053,2.6666666666666665
PC CHEESE CRM LF 3/4OZ,25.442053,3.6666666666666665
PC CHEESE CRM CHIVE AND ONION 1 OZ,25.442053,16.0
PASTE TIKKA MASALA,25.442053,16.0
PC CHEESE CRM STRAW,25.442053,11.333333333333334
$$ PREGNANCY TEST 2 PK,25.041433,101.66666666666667
$$ PRINGLES BARBEQUE 2.5OZ,25.041433,29.333333333333332
$$ PONCHO PSU LOGOED,25.041433,2.6666666666666665
$$ PRINGLES BARBEQUE 5.57OZ,25.041433,18.333333333333332
$$ PRINGLES HOT HONEY 5.5OZ,25.041433,13.0
$$ PIZZELLE VANILLA,25.041433,0.0
$$ PITAYA BOWL PROTEIN DRAGON FRUIT,25.041433,6.666666666666667
ECL NEXA FOAM HAND,24.135069,82.66666666666667
DSSRT RICE KRISPIE TREAT SHT,24.135069,8.666666666666666
ECL PAD SCOURING HD 4.5 X 10,24.135069,10.333333333333334
ECL BUCKET RED 3 QT SANI PAIL,24.135069,6.0
DSSRT FUNNEL CAKE FRIES,24.135069,2.0
DSSRT BD PROFITEROLE CHOUX,24.135069,63.666666666666664
ECL BUCKET RED 6 QT SANI PAIL,24.135069,3.3333333333333335
BAKEA DONUT CAKE APPLE CIDER,23.414194,25.666666666666668
BAKEA DANISH ROUND PLN 1.4 OZ,23.414194,3.0
BAKEA DANISH STRAWBERRY CHEESECAKE,23.414194,21.333333333333332
BAKEA CRUMBS GRAHAM CRACKER,23.414194,10.333333333333334
BAKEA DANISH SNAIL PLN P&B,23.414194,25.666666666666668
BAKEA DONUT CHOC CAKE 3 OZ,23.414194,0.0
BAKEA DONUT FRIED RING RSD,23.414194,67.66666666666667
BOX PIZZA 16X16X2 CORRGTD,22.957594,71.0
BOX WHITE 9.5X7.5X3.5,22.957594,6.333333333333333
BOX PIZZA SLCD INDV LG,22.957594,33.333333333333336
BOX PIZZA 9X9X1.5 CLAYBOARD WHTE,22.957594,13.333333333333334
BOX POPCORN 3OZ,22.957594,6.666666666666667
BREAD CRUMBS,22.957594,6.666666666666667
BOX PIZZA 14X7X1.5 CRRGTD,22.957594,0.0
$$ LLK SAUCE SRIRACHA MAYO,22.900654,2.6666666666666665
$$ MEIJI HELLO PANDA CHOCOLATE 7OZ,22.900654,89.33333333333333
$$ LOTTE CHOCO PIE,22.900654,4.333333333333333
$$ MEIJI CHOCOROOMS,22.900654,27.0
$$ LOTTE PEPERO WHITE COOKIE STICK,22.900654,3.6666666666666665
$$ LIFEWAY KEFIR STRAWBERRY LOW FAT,22.900654,41.333333333333336
$$ LOTTE PEPERO CHOCO STICK,22.900654,3.0
TRAVELER COFFEE 96OZ,22.584501,4.333333333333333
"TORTILLA TOSTADA 5.5""",22.584501,4.333333333333333
"TORTILLA FLOUR 6""",22.584501,89.33333333333333
"TORTILLA CORN WHIT 4.5"" KOSHER",22.584501,3.6666666666666665
"TORTILLA CORN BLUE 6""",22.584501,2.0
"TORTILLA CORN 6""",22.584501,10.333333333333334
"TORTILLA FLOUR 8""",22.584501,41.666666666666664
$$ MISS VICKIES SMKHSE BBQ,21.421034,29.666666666666668
$$ MISS VICKIES SPICY DILL PICKLE,21.421034,18.333333333333332
$$ MISS VICKIES SIMPLE SEA SALT,21.421034,35.666666666666664
$$ MILK ORG VANILLA 8OZ,21.421034,3.6666666666666665
$$ MISS VICKIES SEA SALT VINEGAR,21.421034,37.0
$$ MILK ORG CHOCOLATE 8OZ,21.421034,8.0
$$ MEIJI HELLO PANDA STRAWBERRY 7OZ,21.421034,27.666666666666668
$$ MEIJI HELLO PANDA VANILLA 7OZ,21.421034,18.333333333333332
LIQUOR BOURBON JIM BEAM,21.169846,2.3333333333333335
LIQUOR KIRSCHWASSER DEKUY,21.169846,0.0
LIQUOR KAHLUA,21.169846,0.0
LIQUOR RUM DARK MYERS,21.169846,3.6666666666666665
LIQUOR BRANDY CHRIS BROS,21.169846,49.0
LIQUOR GRAND MARNIER,21.169846,0.0
LIQUOR BEER YUENGLING CAN,21.169846,115.0
LIQUOR BOURBON OLD CROW,21.169846,0.0
VEG LENTILS DRIED KOSHER,20.80751,4.0
VEG PALM HEART WHL,20.80751,4.333333333333333
VEG PEAS BLACKEYE,20.80751,0.3333333333333333
VEG PEAS SPLIT YELLOW DRY,20.80751,1.0
VEG PEAS PIGEON GREEN,20.80751,1.6666666666666667
VEG PEAS CHICK,20.80751,134.33333333333334
VEG PEPPERS RED SLCD RSTD,20.80751,10.333333333333334
VEG FZN SPINACH LEAF IQF,20.80751,4.666666666666667
FISH SQUID FRESH RINGS,20.730473,0.0
FISH SALMON FILET 4OZ,20.730473,10.666666666666666
FISH SQUID FRESH,20.730473,0.0
FISH SHARK SKIN ON,20.730473,0.0
FISH COD/HADDOCK BRD 3OZ,20.730473,1.0
FISH COD/HADDOCK BEER BATTERED 2OZ,20.730473,107.66666666666667
FISH FRESH PLACEHOLDER,20.730473,0.0
"DAYDOTS FRI 2"" GREEN",20.592451,20.0
"DAYDOTS MON 1"" BLUE",20.592451,4.333333333333333
"DAYDOTS MON 2"" BLUE",20.592451,22.0
CRUST PINSA CLASSICA,20.592451,0.0
CROUTONS SEASONED,20.592451,87.33333333333333
"DAYDOTS FRI 1"" GREEN",20.592451,10.0
DAYDOT ALLERGEN WARNING LABEL 2X2,20.592451,0.0
CRUST PINSA SORRISO FOLDED,20.592451,0.0
DRESS DIJON HONEY MUSTARD,20.471535,8.333333333333334
DRESS MAYONNAISE DISP PACK,20.471535,31.666666666666668
DRESS ITALIAN GOLDEN,20.471535,22.0
DRESS FF ITALIAN,20.471535,2.3333333333333335
DRESS COLE SLAW,20.471535,3.0
DRESS FRENCH ORANGE,20.471535,3.0
DRESS CAESAR CRMY,20.471535,42.0
NUT PEANUT PB STOCK NAT,20.400146,1.6666666666666667
NUTELLA 3 KG,20.400146,55.0
NUT PEANUT PB STOCK HONEY,20.400146,30.333333333333332
NUT MIX TRAIL D DELIGHT,20.400146,3.3333333333333335
NUT PIGNOLI PINE NUTS,20.400146,0.6666666666666666
OATMEAL QUICK,20.400146,0.3333333333333333
OATMEAL REG ROLLED,20.400146,16.333333333333332
LINERS PAN 16X24.5 SINGLE USE,19.625717,14.666666666666666
LID FOR 24OZ SQUARE CNTR 2G0,19.625717,24.333333333333332
LID HOT 12/16/20OZ PACTIV,19.625717,56.0
LINERS PAN 16.75 X 12.25 MULTI USE,19.625717,9.333333333333334
LINER PAN NYLON FOR 1/4 & 1/3,19.625717,4.666666666666667
LID PLSTC SOUFFLE 4OZ (HOT),19.625717,9.666666666666666
LID PLSTC SOUFFLE 2OZ (HOT),19.625717,47.666666666666664
LINERS PAN 16.75X24.5 MULTI USE,19.625717,7.0
MILK EVAPORATED,18.612999,4.333333333333333
MIRIN,18.612999,5.666666666666667
MARINADE TANDOORI,18.612999,33.333333333333336
MARGARINE BULK,18.612999,41.333333333333336
MASK DISPOSABLE,18.612999,0.3333333333333333
LIQUOR WINE ZINFANDEL FRANZ,18.612999,0.0
LIQUOR WINE WHIT DRY FRANZ,18.612999,24.333333333333332
MENU CARD HOLDER 5 1/2 X 3 3/4,18.612999,34.0
$$ RHEECHUN RICE COOKED,18.471817,20.0
$$ RAMUNE BEV LYCHEE,18.471817,26.333333333333332
$$ REALSY IW PNUT BUTTER FILLED DATE,18.471817,6.333333333333333
$$ RIJUICE ORANGE YOU GLAD,18.471817,16.333333333333332
$$ RAMUNE BEV STRAWBERRY,18.471817,20.0
$$ RIJUICE A MILLION BUCKS,18.471817,18.0
$$ RIJUICE GINGER TURMERIC 2 OZ,18.471817,19.333333333333332
$$ RAMUNE BEV PINEAPPLE,18.471817,17.333333333333332
TEA TEAV CHAI CLASSIC,18.358465,15.333333333333334
TEA TEAV MODERN EARL GREY,18.358465,22.333333333333332
TEA TEAV ENGLISH BREAKFAST,18.358465,18.333333333333332
TEA TEAV GREEN (ZEN) ICED 1.25OZ,18.358465,8.0
TEA TEAV CHAMOMILE BLUSH,18.358465,18.666666666666668
TEA TEAV HARMONIC MINT,18.358465,25.0
TEA TEAV GINGER PEACH GREEN,18.358465,18.666666666666668
$$ QUAKER INST OATMEAL IQO EX MAPL BRWN,17.964468,8.333333333333334
$$ PROPEL PWDR BERRY,17.964468,1.6666666666666667
$$ PRINGLES SALT & VINEGAR 2.5OZ,17.964468,22.666666666666668
$$ PRINGLES SOUR CRM & ONION 5.57OZ,17.964468,27.0
$$ PRINGLES SOUR CHEDDAR 2.38OZ,17.964468,21.0
$$ PRINGLES SOUR CRM & ONION 2.38OZ,17.964468,38.666666666666664
$$ PROPEL PWDR KIWI STRAWBERRY,17.964468,1.6666666666666667
$$ PRINGLES ORIGINAL 5.26OZ,17.964468,26.333333333333332
$$ PRINGLES HOT ONES CALIENTES VERDE,17.964468,8.333333333333334
$$ PRINGLES MINGLES WHIT CHED RANCH,17.964468,3.0
$$ PRINGLES MINGLES CHED SOUR CREAM,17.964468,4.0
$$ PRINGLES PIZZA 2.5OZ,17.964468,14.0
$$ RAMUNE BEV BLUE HAWAIIAN,17.964468,22.0
$$ PRINGLES HOT ONES CALIENTES ROJO,17.964468,10.666666666666666
$$ PRINGLES ORIGINAL 2.38OZ,17.964468,43.666666666666664
CLNR ECL TRUPOWER,17.744623,4.0
CLNR ECL TRUPOWER RINSE ADD HD,17.744623,0.0
CLNR ECL TRUPOWER RINSE ADD AP 4-1GAL,17.744623,1.3333333333333333
CLNR ECL SOLITAIRE,17.744623,0.0
CLNR ECL SOLID METAL PRO,17.744623,3.6666666666666665
CLNR ECL WASH & WALK,17.744623,23.0
CLNR ECL SMRTPWR RNSE ALL PUR,17.744623,20.333333333333332
CLNR ECL SOLID POWER XL,17.744623,100.0
PC DRESS RANCH GARDEN,16.902182,38.0
PC DRESS ITALIAN GOLDEN,16.902182,22.333333333333332
PC JELLY STRAWBERRY JAM,16.902182,14.333333333333334
PC SAUCE HONEY HOT WING,16.902182,18.0
PC SAUCE DIPPING SWT & SOUR,16.902182,10.333333333333334
PC PEANUT BUTTER 0.75OZ,16.902182,18.333333333333332
PC DRESS MAYONNAISE,16.902182,9.333333333333334
PC HONEY,16.902182,21.333333333333332
PC DRESS VIN BALSAMIC,16.902182,14.666666666666666
PC JELLY GRAPE,16.902182,11.666666666666666
PC SAUCE CATSUP,16.902182,7.0
PC SAUCE DIPPING MUSTARD HONEY,16.902182,18.333333333333332
PC SAUCE DIPPING BUFFALO,16.902182,17.333333333333332
PC SAUCE DIPPING BARBEQUE,16.902182,38.666666666666664
CAP RED CREW LDR,16.891058,2.6666666666666665
CAP PURPLE NUTRITION,16.891058,0.0
CCARE VGTN CHIX BREASTS BRD,16.891058,0.3333333333333333
CAP UPDH BEANIE BLK,16.891058,78.33333333333333
CAP WHITE SCH/OFF,16.891058,0.0
CAPERS NON PAREIL,16.891058,0.6666666666666666
CCARE BEEF MEATBALL .5OZ,16.891058,3.3333333333333335
CAP TRUCKERS HFS,16.891058,33.333333333333336
SPICE ROSEMARY WHL,16.856813,1.6666666666666667
SPICE SALT KOSHER,16.856813,12.0
SPICE SALT COOKING,16.856813,24.333333333333332
SPICE SHICHIMI TOGARASHI (NANAMI),16.856813,16.0
SPICE SESAME SEED WHIT,16.856813,1.6666666666666667
SPICE SAGE GROUND DALMATION,16.856813,0.6666666666666666
SPICE TACO SEASONING,16.856813,88.0
SPICE SESAME SEED BLACK,16.856813,1.3333333333333333
# CORNSTARCH BULK,16.740625,18.333333333333332
# CRMRY BOWL 6 OZ WHITE SQUAT COMPOST,16.740625,32.666666666666664
# CRMRY CONE CAKE JACKETED,16.740625,19.666666666666668
# CHO SPICE TOFU/VEG,16.740625,3.3333333333333335
# CHO VEG CROQUETTE,16.740625,13.0
# CITRIC ACID,16.740625,0.0
# CHO SPICE WHIT RICE,16.740625,18.333333333333332
$$ LIFEWAY KEFIR PEACH LOW FAT,16.670729,39.0
$$ LD TYLENOL ES CAPLET 6 CT,16.670729,32.666666666666664
$$ LD SUPER GLUE 2.0G,16.670729,12.666666666666666
$$ LD TYLENOL COLD 6CT,16.670729,23.0
$$ LD SLANT TWEEZERS PEG,16.670729,4.666666666666667
$$ LD SKYN CONDOM ORIGINAL 3 CT,16.670729,0.6666666666666666
$$ LD TYLENOL SINUS SVR 6 CT,16.670729,29.0
$$ LESSET TOOTHBRUSH SOFT PEG,16.670729,8.666666666666666
COOKIE CHINESE FORTUNE INDV,16.643795,8.333333333333334
COOKIE BKY RAW CS 3.125 CCHIP,16.643795,57.333333333333336
COOKIE OREO BULK,16.643795,9.666666666666666
COOKIE BKY RAW CS 2OZ LEM BLUEB,16.643795,0.0
COVER TABLE WHITE 54X108,16.643795,2.3333333333333335
CORNSTARCH KOSHER,16.643795,11.666666666666666
CRACKER OYSTER,16.643795,6.333333333333333
CRACKER ASST BULK,16.643795,15.333333333333334
BAKEC DOUGH PIE ROUND,16.619911,0.0
BAKEC CREAM BAVARIAN RTU,16.619911,0.0
BAKEC CORN SYRUP DARK,16.619911,0.0
BAKEC FLOUR FLAX MEAL,16.619911,0.0
BAKEC FILL PIE STRAWBERRY RHUBARB,16.619911,0.0
BAKEC FLOUR ALMOND,16.619911,3.6666666666666665
"BAKEC EXTENDER BUN PAN FULL 3""",16.619911,200.0
BAKEC EMULSION LEMON,16.619911,0.0
PICNIC PACK COMPOST F/K/S ONLY,16.309671,0.0
PICKLE RELISH SWT KOSHER,16.309671,1.6666666666666667
PIEROGIE CHEDDAR CHEESE,16.309671,33.0
PICKLE DILL SPEAR KOSHER,16.309671,1.6666666666666667
PICNIC PACK HVY WT BLACK,16.309671,21.666666666666668
"PIE SHELL 9""",16.309671,26.333333333333332
PITA WHIT MED,16.309671,18.0
PIEROGIE CHEDDAR CHEESE MINI,16.309671,50.0
STB COFFEE VERANDA 9OZ,16.20479,25.333333333333332
STB COFFEE SUNSERA 9OZ,16.20479,0.0
STB COFFEE VERONA 5OZ,16.20479,6.0
STB COFFEE VERANDA 5OZ,16.20479,18.666666666666668
STB COFFEE SUNSERA 5OZ,16.20479,0.6666666666666666
STB COFFEE PIKE PLACE 5OZ,16.20479,31.0
STB COFFEE PIKE PLACE 9OZ,16.20479,19.0
BAKEX SHRINK BAND FOR TIN LG,16.142168,0.0
BAKEX LABEL OVAL 2 PART,16.142168,0.0
BAKEX LINER CUSTOM PRINTED,16.142168,0.0
BAKEX PAD INSERT FOR TIN,16.142168,0.0
BAKEX RIBBON ROYAL,16.142168,0.0
BAKEX LABEL TIN LARGE,16.142168,0.0
BAKEX LABEL RECTANGLE,16.142168,0.0
BAKEX LABEL RECTANGE 2 PART,16.142168,10.666666666666666
$$ LD ADVIL PM 6CT,16.023552,6.666666666666667
$$ KC GRANOLA COOKIE BUTTER,16.023552,28.0
$$ KC GRANOLA CHOCOLATE,16.023552,23.333333333333332
$$ KC CINNAMON ROLL MUFFIN,16.023552,8.0
$$ KC GRANOLA HONEY OAT,16.023552,23.0
$$ KC SMORES FLAPJACK,16.023552,27.666666666666668
$$ LD ADVIL 6CT,16.023552,40.0
$$ LD ALEVE 3 CT,16.023552,9.333333333333334
$$ SMOODI STRAWBERRY BANANA,15.40817,29.666666666666668
$$ SMOODI PEANUT PROTEIN,15.40817,7.333333333333333
$$ SMOODI TROPICAL VIBES,15.40817,15.333333333333334
$$ SOYMILK CHOCOLATE 8OZ,15.40817,9.666666666666666
$$ SMOODI BRAIN BOOST,15.40817,22.666666666666668
$$ SMOODI GREEN ENERGIZER,15.40817,6.0
$$ SOYMILK VANILLA 8OZ,15.40817,13.0
PC DRESS FF RANCH,15.337973,12.666666666666666
PC DRESS FF ITALIAN,15.337973,9.333333333333334
PC DRESS FF VIN RASPBERRY,15.337973,5.666666666666667
PC DRESS FF FRENCH,15.337973,1.0
PC DRESS FF HONEY DIJON,15.337973,9.333333333333334
PC DRESS CAESAR CRMY,15.337973,45.666666666666664
PC CRMER HALF & HALF SHELF STABLE,15.337973,20.666666666666668
PC DRESS 1000 ISLAND,15.337973,0.0
$$ SABRA AVOCADO TOAST,15.264772,38.333333333333336
$$ SABRA GUACAMOLE CLASSIC 7 OZ,15.264772,32.0
$$ RIJUICE STRAWBERRY SAM,15.264772,13.666666666666666
$$ ROLAND OLIVE OIL 16.9 OZ,15.264772,3.0
$$ ROYALFAM MOCHI GREEN TEA,15.264772,0.6666666666666666
$$ ROYALFAM MOCHI LYCHEE,15.264772,1.0
$$ ROYALFAM MOCHI MANGO 6PK,15.264772,0.6666666666666666
$$ HITEMPURA SEAWEED SNACK ORG,15.114825,12.0
$$ INDIA RAJMA W/ RICE,15.114825,14.333333333333334
$$ INNOVASIAN POTSTICKER CHIX,15.114825,42.333333333333336
$$ HBC VASELINE SKIN CARE PETROLEUM,15.114825,1.0
$$ HITEMPURA SEAWEED SNACK SPICY,15.114825,12.333333333333334
$$ INDIA CHANA MASALA W/RICE,15.114825,19.666666666666668
$$ INDIA DAL MAKHANI W/ BASMATI RICE,15.114825,18.333333333333332
GHIRARDELLI CACAO CHOC CHIP ND,14.861454,0.6666666666666666
FUEL BUTANE,14.861454,1.3333333333333333
FUEL CANNED 2 HR ETHANOL BASE,14.861454,6.0
GARDEIN MEATBALL MEATLESS,14.861454,48.333333333333336
GINGER SWT PICKLED SLCD,14.861454,1.6666666666666667
FUEL CANNED - 6 HOUR WICK,14.861454,23.0
FRU RAISINS GOLDEN,14.861454,6.333333333333333
GINGER PUREE,14.861454,18.666666666666668
LID DELI 8-16 OZ PP,14.76456,54.333333333333336
LID DNH 9/12/20OZ PLA,14.76456,4.666666666666667
LID FOR 12&16 & 24 OZ SOUP BOWL COMPOST,14.76456,29.666666666666668
LID DWH 9/12/20OZ PLA,14.76456,3.6666666666666665
LID DNH 16/24 PLA,14.76456,0.0
LID FLAT S/S 16/24 PLA,14.76456,6.0
LID FLAT S/S 9/12/20OZ PLA,14.76456,0.0
# CHO SAUCE BULK HOT OMG,14.69628,7.0
# CHO PC SAUCE HOT OUCH,14.69628,2.3333333333333335
# CHO PC SAUCE HOT OMG,14.69628,3.0
# CHO PC SAUCE HOT WHOA,14.69628,2.6666666666666665
# CHO SAUCE BUTTER MASALA,14.69628,46.666666666666664
# CHO SAMOSA,14.69628,20.666666666666668
# CHO MINT GINGER LEMONADE CONC,14.69628,11.0
COAT CHEF MEN MED,14.685639,1.3333333333333333
COAT CHEF MEN 3XLARGE,14.685639,-0.3333333333333333
COAT CHEF MEN LARGE,14.685639,1.3333333333333333
CNTR TAKEOUT GREEN2GO REUSABLE,14.685639,0.6666666666666666
CNTR HINGED 12 OZ SAFESEAL,14.685639,64.33333333333333
CNTR HINGED 24OZ SQ CLEAR 2GO,14.685639,45.333333333333336
COAT CHEF MEN 2XLARGE,14.685639,-1.6666666666666667
FF FISH CAT FISH FRESH SKIN ON,14.661003,0.0
FF FISH CAT FISH FRESH SKINLESS,14.661003,0.0
FF FISH FRESH CATCH (BJC),14.661003,0.0
EMPANADA SPICY ELOTE MINI,14.661003,2.3333333333333335
ENGLISH MUFFIN ORIGINAL,14.661003,57.333333333333336
ENGLISH MUFFIN WW,14.661003,7.333333333333333
ENTREE PREP EGGPLANT BRD CUTLETS,14.661003,18.666666666666668
EXTRACT VAN NAT & ARTFCL,14.661003,5.333333333333333
PC SPICE SALT,14.6446905,4.666666666666667
PC SPICE PEPPER,14.6446905,2.0
PC SAUCE SOY,14.6446905,43.666666666666664
PC SAUCE MUSTARD YEL,14.6446905,5.0
PC SWTNR ARTFCL SPLENDA,14.6446905,4.333333333333333
PC SWTNR ARTFCL EQUAL,14.6446905,2.0
PC SUGAR,14.6446905,11.333333333333334
PC SYRUP TABLE,14.6446905,34.0
PASTE CURRY RED,13.946741,25.0
PASTA ZITI,13.946741,14.0
PASTE GOCHUJANG,13.946741,5.333333333333333
PASTE CURRY YELLOW,13.946741,0.3333333333333333
PASTA SPAGHETTI #9 THIN CUT,13.946741,6.666666666666667
PASTA SHELLS MED,13.946741,4.333333333333333
PASTA SPIRALS (ROTINI),13.946741,20.666666666666668
PASTA WW PENNE,13.946741,0.0
BAKEA LEAVENING YEAST INSTANT,13.748991,20.0
BAKEA MIX SUNFLOWER SEED,13.748991,2.0
BAKEA MOLASSES DARK KOSHER,13.748991,3.0
BAKEA MIX CAKE WHIT,13.748991,12.666666666666666
BAKEA MIX MUFFIN / POUND CAKE,13.748991,35.0
BAKEA MIX CAKE CHOC,13.748991,10.666666666666666
BAKEA MILK DRIED NONFAT,13.748991,1.6666666666666667
# BEVI LEMON,13.743519,18.0
# BEVI PEACH MANGO,13.743519,14.666666666666666
# BEVI RASPBERRY,13.743519,16.666666666666668
# BEVI LIME MINT,13.743519,11.0
# BJC BOX CHICKEN TENDER WHITE,13.743519,12.0
# BEVI STRAWBERRY LEMONGRASS,13.743519,8.333333333333334
# BEVI POMEGRANATE BLUEBERRY,13.743519,12.0
STB 701 TABLETS,13.73639,2.6666666666666665
SPICE TARRAGON LEAVES,13.73639,0.0
SPREAD SUNBUTTER CREAMY,13.73639,3.0
SPICE TURMERIC GROUND KOSHER,13.73639,3.6666666666666665
SPICE THYME GROUND,13.73639,0.3333333333333333
SPICE THYME LEAVES KOSHER,13.73639,5.0
STB ALMOND MILK UNFLAVORED,13.73639,75.33333333333333
OLIVE PITTED BLACK,13.648337,3.6666666666666665
PADS SCOUR NYLON 6 1/2X 9 1/2,13.648337,2.3333333333333335
PAD SCOURING PURPLE,13.648337,2.6666666666666665
OLIVE PITTED CALAMATA,13.648337,11.666666666666666
OLIVE SLCD BLACK KOSHER,13.648337,20.666666666666668
OLIVE STUFFED MANZANILLA,13.648337,7.0
PAD SCOURING HD 3.5X5,13.648337,16.666666666666668
FRU APPLESAUCE,13.555278,12.666666666666666
FRU APPLE SLCD WTR PACK,13.555278,4.666666666666667
FRU RAISINS,13.555278,2.3333333333333335
FRU FZN STRAWB SLCD 4:1,13.555278,5.0
FRU FZN MANGO CHUNK IQF,13.555278,29.333333333333332
FRU FZN BLUEBERRY KOSHER,13.555278,9.333333333333334
FRU MANDARIN ORANGE SECTIONS,13.555278,29.666666666666668
FRU CHERRIES MARASCHINO WHL STEMS,13.555278,1.0
FRU DRIED CHERRIES,13.555278,1.3333333333333333
FRU DRIED CRANBERRY KOSHER,13.555278,31.666666666666668
FRU FZN RASPBERRY RED,13.555278,5.666666666666667
FRU FZN PEACH IQF,13.555278,4.333333333333333
FRU PEARS HALVES,13.555278,6.0
FRU PINEAPPLE CHUNKS,13.555278,5.0
FRU PEACHES SLCD,13.555278,12.0
LIQUOR RUM LT JAC,13.504748,0.0
LIQUOR TEQUILA MONTEZUMA,13.504748,0.0
LIQUOR SHERRY TAYLOR DRY,13.504748,5.0
LIQUOR WINE RED DRY FRANZ,13.504748,10.0
LIQUOR SAKE GEKKEIKAN,13.504748,9.333333333333334
LIQUOR WINE MARSALA TAYLOR,13.504748,10.333333333333334
LIQUOR VODKA VLADIMIR,13.504748,32.0
CLNR ECL SMRTPWR MANUAL DETERGENT,13.280144,1.6666666666666667
CLNR ECL RAPID MULTI-SURFACE DIS,13.280144,3.3333333333333335
CLNR ECL OVEN CLNR CLEAN IN PLACE,13.280144,2.3333333333333335
CLNR ECL SMARTPOWER POT AND PAN SOAK,13.280144,10.333333333333334
CLNR ECL POWER FORCE,13.280144,6.0
CLNR ECL PERMA BRITE POWDER,13.280144,0.3333333333333333
CLNR ECL OASIS QUAT SANITIZER,13.280144,60.333333333333336
$$ EL 12.99 CLSC WMNS SG 4PC,13.269753,0.0
$$ EL 12.99 MTL RETRO SG 4PC,13.269753,0.3333333333333333
$$ EL 14.99 AVIATOR SG 4PC,13.269753,0.3333333333333333
$$ E-CONTRACEPTION,13.269753,101.66666666666667
$$ EL 14.99 MTL RETRO SG 4PC,13.269753,0.3333333333333333
$$ EL 16.99 AVIATOR SG 4PC,13.269753,0.0
$$ EL 12.99 LIFESTYLE UV SP SG 4PC,13.269753,0.0
CNTR BOWL 32OZ PLSTC CLEAR,13.152068,1.0
CNTR DELI 16 OZ PP,13.152068,55.333333333333336
CNDY M&M BULK PLAIN,13.152068,2.0
CLNR STEAM WAND SCHAERER,13.152068,3.0
CNTR 4 CMP 6X6X1.5 PLA,13.152068,1.0
CNDY M&M BULK PLAIN MINI,13.152068,17.333333333333332
CNTR BOWL 24OZ PLSTC CLEAR,13.152068,13.666666666666666
CNTR DELI 8OZ PP,13.152068,3.6666666666666665
VINEGAR RICE UNSEASONED KOSHER,12.730393,31.0
VINEGAR BALSAMIC KOSHER,12.730393,0.3333333333333333
VINEGAR BALSAMIC WHIT,12.730393,1.0
VINEGAR RED WINE KOSHER,12.730393,0.0
VINEGAR BALSAMIC,12.730393,3.6666666666666665
VINEGAR CIDER,12.730393,33.0
VINEGAR RED WINE,12.730393,17.666666666666668
ECL PRTCT FOAM HAND SANITIZER,12.728006,3.3333333333333335
ECL TOUCH FREE STAND & DISP,12.728006,0.0
ECL TOUCH FREE DISP,12.728006,0.0
EGG BITE TURKEY SAUS CHEESE,12.728006,2.6666666666666665
ECL TRIGGER FOR SPRAY BOTTLE,12.728006,29.666666666666668
EGG BITE VEGGIE CHEESE,12.728006,4.0
ECL SPRAY BOTTLE,12.728006,29.666666666666668
EGG BITE THREE CHEESE,12.728006,1.0
CLNR ECL BATHROOM 66 HVY DTY,12.598766,0.0
CLNR ECL DIP IT DESTAINER,12.598766,1.6666666666666667
CLNR ECL GREASE CUTTER PLUS,12.598766,18.333333333333332
CLNR ALTO SHM SPRAY - COMBITHRM,12.598766,0.3333333333333333
CLNR ECL DEGREASER ORANGE FORCE,12.598766,0.3333333333333333
CLNR ECL APEX PRESOAK,12.598766,15.333333333333334
CLNR DAWN ORIGINAL 5 GAL,12.598766,42.0
"DAYDOTS SAT 2"" ORANGE",12.502759,11.0
"DAYDOTS TUE 1"" YEL",12.502759,5.0
"DAYDOTS SAT 1"" ORANGE",12.502759,6.0
"DAYDOTS SUN 1"" BL",12.502759,3.6666666666666665
"DAYDOTS SUN 2"" BL",12.502759,12.0
"DAYDOTS THUR 2"" BRN",12.502759,22.333333333333332
"DAYDOTS THUR 1"" BRN",12.502759,8.0
$$ LD DUCT TAPE 1.5X10,12.364912,12.0
$$ LD ESSET EMERY BOARDS REG 10 CT,12.364912,3.3333333333333335
$$ LD EMERGEN C 2CT,12.364912,40.0
$$ LD ESSET TOOTHPASTE & BRUSH PEG,12.364912,21.0
"$$ LD ELECTRICAL TAPE .75""X10'",12.364912,0.3333333333333333
$$ LD FIRST AID KIT PEG,12.364912,2.6666666666666665
$$ LD ESSET NAIL CLIPPER W FILE PEG,12.364912,12.333333333333334
SOYMILK 32OZ VANILLA,12.287707,11.666666666666666
SPICE BAY LEAVES GROUND,12.287707,0.6666666666666666
SOUP TOMATO,12.287707,26.333333333333332
SPICE ALLSPICE GROUND KOSHER,12.287707,1.3333333333333333
SOUP BASE GF VEG GOLDEN,12.287707,30.666666666666668
SPICE BASIL LEAVES KOSHER,12.287707,2.3333333333333335
SPICE BAY LEAVES WHL KOSHER,12.287707,0.3333333333333333
SOYMILK 32OZ REG,12.287707,24.666666666666668
$$ SPECIAL K STRAWB PROTEIN BAR,12.143964,10.0
$$ SPECIAL K CHOC PB PROTEIN BAR,12.143964,4.666666666666667
$$ STACY'S PARM GARLIC HERB 7.33OZ,12.143964,12.666666666666666
$$ TONY'S DARK CHOC PRETZEL & TOFFEE,12.143964,6.666666666666667
$$ STACY'S SIMPLY NAKED 7.33OZ,12.143964,15.333333333333334
$$ SPICE PIZZA VARIETY,12.143964,0.0
$$ SPECIAL K BROWNIE BAR PROTEINBAR,12.143964,2.6666666666666665
$$ SPICE DIPPING SEASONING,12.143964,0.0
SWEATSHIRT QT ZIP NAVY 3XLARGE,11.624982,1.3333333333333333
SWEATSHIRT QT ZIP NAVY LARGE,11.624982,16.333333333333332
SWEATSHIRT QT ZIP NAVY 2XLARGE,11.624982,1.6666666666666667
SUZIE WONG CAKE CHOCOLATE TOFU,11.624982,0.0
SWEATSHIRT QT ZIP NAVY SMALL,11.624982,4.0
SWEATSHIRT QT ZIP NAVY XLARGE,11.624982,11.666666666666666
SWEATSHIRT QT ZIP NAVY MEDIUM,11.624982,16.0
$$ IZZE CLEMENTINE CAN,11.60449,5.666666666666667
$$ JL BF JERKY ORIG 1.25OZ,11.60449,1.3333333333333333
$$ IZZE BLACKBERRY CAN,11.60449,8.333333333333334
$$ KASUGAI JELLY GRAPE,11.60449,2.6666666666666665
$$ KASUGAI JELLY MANGO,11.60449,7.333333333333333
$$ KASUGAI JELLY PEACH,11.60449,5.666666666666667
$$ INNOVASIAN POTSTICKER PORK,11.60449,52.0
$$ IZZE STRAWBERRY CAN,11.60449,4.333333333333333
$$ 88 ACRES DK CHOC SEA SALT & OAT,11.549282,3.6666666666666665
$$ 88 ACRES PRO BAR BANANA BREAD,11.549282,2.3333333333333335
$$ 88 ACRES DK CHOC SEA SALT GRANOLA,11.549282,16.0
$$ 5HR TROPICAL BURST XS,11.549282,0.0
$$ 5HR POMEGRANATE,11.549282,0.0
$$ ALMOND MILK DRK CHOC,11.549282,16.333333333333332
$$ ALMOND MILK ORIG 32OZ,11.549282,36.666666666666664
$$ 88 ACRES CINNAMON MAPLE GRANOLA,11.549282,11.0
$$ LD DRAMAMINE 2 CT,11.515771,9.333333333333334
$$ LD DAYQUIL SEVERE 4 CT,11.515771,47.666666666666664
$$ LD DAYTIME COLD 16 CT,11.515771,4.666666666666667
$$ LD DENTEK FLOSSERS 20 CT,11.515771,4.666666666666667
$$ LD CLEAR EYES .2 OZ PEG,11.515771,3.6666666666666665
$$ LD CLARITIN 1 CT,11.515771,13.333333333333334
$$ LD CARMEX ORIG STICK 2 CT,11.515771,1.0
$$ LD DAYQUIL LIQUID 1OZ,11.515771,5.333333333333333
$$ LD MOTRIN IB 6 CT,11.263412,14.0
"$$ LD MASKING TAPE .75""X30YDS",11.263412,-4.0
$$ LD MIDOL 4 CT,11.263412,10.0
$$ LD MOUTHWASH 36 ML PEG,11.263412,6.333333333333333
$$ LD MUCINEX DM 2 CT,11.263412,36.0
$$ LD OPTI FREE W LENS CASE 2OZ,11.263412,2.0
$$ LD PEPTO BISMOL 6 CT,11.263412,19.333333333333332
$$ LD NYQUIL SEVERE 4 CT,11.263412,32.0
$$ LD NYQUIL LIQUID 1OZ,11.263412,4.333333333333333
$$ LD NO DOZ 6 CT,11.263412,5.666666666666667
$$ LD NIGHTTIME COLD 16 CT,11.263412,2.3333333333333335
$$ LD NASAL SPRAY 6.0ML,11.263412,9.666666666666666
$$ LD SCUNCI ELASTIC PONYTAIL 12CT,11.263412,1.0
$$ LD POCKET COMB,11.263412,1.0
"$$ LD SCISSORS 7""",11.263412,15.666666666666666
LIQUOR BEER GUINNESS CAN,11.133442,71.33333333333333
LIQUOR BAILEYS IRISH CRM,11.133442,0.0
LIQUOR BEER RED MO ALE BOTTLE,11.133442,0.0
LIQ WHISKEY JAMSN IRISH,11.133442,0.0
LIQ WHISKEY LORD CALVERT CANAD,11.133442,0.0
LIQ WHISKEY SEAGRAM VO,11.133442,0.0
LIQUOR AMARETTO DI SARRONO,11.133442,0.0
CLNR ECL OASIS PRO 66 BATH,11.123271,0.3333333333333333
CLNR ECL NO RINSE ALK FLR CLNR,11.123271,12.333333333333334
CLNR ECL MAXX DUAL ACTION,11.123271,12.666666666666666
CLNR ECL LIME AWAY DELIMING,11.123271,32.666666666666664
CLNR ECL MONSOON,11.123271,-0.3333333333333333
CLNR ECL GREASE STRIP PLUS-GEL,11.123271,0.0
CLNR ECL HOME STYLE LAUNDRY DET PACKS,11.123271,6.666666666666667
CLNR ECL GRSE XPRS FAST FOAM,11.123271,1.0
TOPPING WHIP BASE FZN,10.779219,0.6666666666666666
TOPPING SYRUP CHOCOLATE,10.779219,4.666666666666667
TEA TEAV PASSION ICED,10.779219,4.0
TOPPING HERSHEY'S FUDGE,10.779219,11.0
"TOOTHPICKS 4"" FRILLED",10.779219,0.6666666666666666
TOPPING SYRUP CARAMEL,10.779219,9.666666666666666
TOPPING CHOC WAFER COOKIE PIECES,10.779219,22.0
TEA TEAV RADIANT GREEN,10.779219,19.666666666666668
CEREAL COLD LIFE,10.756947,3.3333333333333335
CEREAL COLD REESES PUFFS,10.756947,6.666666666666667
CEREAL COLD KRAVE CHOC,10.756947,0.0
CEREAL COLD RICE CHEX,10.756947,3.6666666666666665
CCARE VGTN CHIX TENDERS,10.756947,1.0
CEREAL COLD HONEY NUT CHEERIOS,10.756947,9.666666666666666
CEREAL COLD FRUITY PEBBLES,10.756947,7.333333333333333
CEREAL COLD LUCKY CHARMS,10.756947,21.666666666666668
CEREAL COLD KIX,10.756947,3.0
"CCARE VGTN CHIX CUBES 3/4""",10.756947,0.6666666666666666
CEREAL COLD CINN TOAST CRUNCH,10.756947,17.666666666666668
CEREAL COLD CHEERIOS,10.756947,4.666666666666667
CEREAL COLD CRISPIX,10.756947,3.6666666666666665
CEREAL COLD CORN FLAKES,10.756947,1.0
CEREAL COLD FROSTED FLAKES,10.756947,13.666666666666666
SEITAN BULK REF,10.093985,37.333333333333336
SHIRT ABS POLO MENS BLK MED,10.093985,1.0
SHIRT ABS POLO MENS BLK LAR,10.093985,-0.3333333333333333
SHIRT ABS POLO MENS BLK 2XL,10.093985,0.0
SHIRT ABS POLO MENS BLK 3XL,10.093985,0.0
SEAWEED SALAD,10.093985,17.0
SHELLS TACO,10.093985,11.0
SHELL GF PIZZA,10.093985,10.0
$$ BARE CINNAMON APPLE,9.232927,14.333333333333334
$$ BAR RXBAR PNUT BUTTER CHOC 1.83OZ,9.232927,4.0
$$ BAR RXBAR BLUEBERRY 1.83OZ,9.232927,5.0
$$ BAR PERFECT PEANUT BUTTER,9.232927,11.333333333333334
$$ BAR PROBAR BASE COOKIE DOUGH,9.232927,8.0
$$ BAR RXBAR AM HONEY CINN PB,9.232927,2.3333333333333335
$$ BAR PERFECT DK CHOC CHIP PB,9.232927,15.666666666666666
$$ BAR GP NUTRIGRAIN STRAWBERRY,9.232927,9.666666666666666
$$ LD ANTI BACTERIAL WIPES 30 CT,9.10107,3.0
$$ LD ANTI DIARRHEAL 4 CT,9.10107,3.0
$$ LD CARMEX CHERRY 2 CT,9.10107,1.0
$$ LD BENADRYL 6CT,9.10107,16.333333333333332
$$ LD BAYER 4CT,9.10107,1.3333333333333333
$$ LD ALLEGRA 2 CT,9.10107,9.666666666666666
$$ LD ALKA SELTZER 6 PK,9.10107,4.666666666666667
# BJC PORK SAUSAGE ITAL SWEET LINK,8.804176,63.333333333333336
# BOBA FLAV POWDER THAI TEA,8.804176,0.6666666666666666
# BOBA FLAV POWDER TARO,8.804176,0.3333333333333333
# BJC SAUSAGE BRATWURST FC,8.804176,0.0
# BOBA FLAV POWDER STRAWBERRY,8.804176,0.3333333333333333
# BOBA CREAMER ND,8.804176,3.0
# BOBA FLAV POWDER COCONUT FRUIT,8.804176,0.0
# BOBA FLAV POWDER MANGO,8.804176,0.0
SHIRT WORK HFS NAVY - LARGE,8.544373,0.0
SHIRT TEE NAVY XLARGE,8.544373,23.666666666666668
SHIRT WORK HFS NAVY - 4XLTALL,8.544373,0.0
SHIRT WORK HFS NAVY - 3XLTALL,8.544373,0.0
SHIRT WORK HFS NAVY - 2XLTALL,8.544373,0.0
SHIRT WORK HFS NAVY - 2XL,8.544373,-0.3333333333333333
SHIRT TEE NAVY SMALL,8.544373,31.0
SHIRT WORK HFS NAVY - 3XL,8.544373,0.0
LABEL ALLERGY CALL AHEAD,8.476727,0.6666666666666666
LABEL ARCH PRTD 2GO,8.476727,0.0
LABEL OVAL BAKERY LOGO,8.476727,1.6666666666666667
LABEL ARCH PRTD 2GO BAKERY,8.476727,0.0
LABEL OVAL STRIP PRTD 2GO,8.476727,0.0
LABEL GLUTEN FREE,8.476727,0.0
LABEL BARCODE,8.476727,0.0
LABEL DINING QR SURVEY,8.476727,17.333333333333332
LID BOWL 24/32OZ DOME CLEAR,8.415614,12.333333333333334
"LID CATERWARE DOME 16""",8.415614,2.3333333333333335
LEAVENING BAKING POWDER KOSHER,8.415614,4.333333333333333
LID 9/12/20 PLA FLAT NO SLOT CLEAR,8.415614,0.0
"LID CATERWARE DOME 12""",8.415614,11.666666666666666
LID CATER BOWL 5#,8.415614,0.0
"LID CATERWARE DOME 18""",8.415614,1.3333333333333333
LID CNTR 4 CMP 6X6X1.5 PLA,8.415614,1.0
# BJC POPCORN RAW BULK,8.396696,9.0
"# BJC PLATTER WHITE 16"" SQ",8.396696,1.3333333333333333
# BJC OIL POPCORN,8.396696,0.3333333333333333
# BJC PORK PULLED BBQ,8.396696,37.333333333333336
# BJC PLATTER WHITE 9X22 REC,8.396696,1.6666666666666667
# BJC LID DOME FOR 9X22 PLATTER,8.396696,1.6666666666666667
"# BJC PLATTER WHITE 12"" SQ",8.396696,2.0
$$ ATH BAR PROBAR BASE PB CHOC,8.298865,8.0
$$ ASSIX MACARON ASST,8.298865,2.3333333333333335
$$ ALMOND MILK VANILLA UNSWEETENED,8.298865,15.0
$$ ALMOND MILK VANILLA 32OZ,8.298865,26.0
$$ ATH BAR PROBAR BASE MINT CHOC,8.298865,3.6666666666666665
$$ ATH FRESH BLENDS ORG BANANA,8.298865,3.6666666666666665
$$ ATH BAR RXBAR AM CHOCOLATE,8.298865,0.0
$$ ATH JUSTINS PEANUT BUTTER HONEY,7.847263,0.6666666666666666
$$ ATH JUSTINS ALMOND BUTTER CLASSIC,7.847263,0.6666666666666666
$$ ATH JUSTINS ALMOND BUTTER MAPLE,7.847263,1.0
$$ ATH JUSTINS PEANUT BUTTER CLASSIC,7.847263,0.6666666666666666
$$ ATH SK TUNA CREATION BACON RANCH,7.847263,0.0
$$ ATH MUSH APPLE CINNAMON,7.847263,19.666666666666668
$$ ATH KC BLUEBERRY MAPLE FLAPJACK,7.847263,11.666666666666666
$$ ATH MUSH DARK CHOCOLATE,7.847263,22.333333333333332
$$ ATH SK TUNA CREATION HOT BUFFALO,7.847263,3.0
$$ ATH SK TUNA CREATION HONEY BBQ,7.847263,0.3333333333333333
$$ ATH MUSH VANILLA BEAN,7.847263,21.666666666666668
$$ ATH MUSH PEANUT BUTTER,7.847263,23.333333333333332
$$ ATH MUSH WILD BLUEBERRY,7.847263,18.666666666666668
$$ ATH SK TUNA CREATION BOLD SRIRACH,7.847263,0.0
$$ ATH SK TUNA CREATION HERB GARLIC,7.847263,0.0
$$ MUSCLE MILK VANILLA 1.93#,7.608899,7.0
$$ MUSCLE MILK COOKIES N CRÈME 1.93#,7.608899,7.333333333333333
$$ MUFFIN IW LEMON BLUEBERRY AF,7.608899,14.666666666666666
$$ MY MOCHI DOUBLE CHOCOLATE SS,7.608899,5.666666666666667
$$ MY MOCHI COOKIES AND CREAM SS,7.608899,5.0
$$ MY MOCHI COOKIES AND CREAM 6PK,7.608899,8.333333333333334
$$ MUFFIN IW DRK CHOCOLATE AF,7.608899,24.666666666666668
$$ MONIN ENERGY BOOST,7.608899,0.0
$$ MONIN IMMUNITY BOOST,7.608899,0.0
$$ MY MOCHI VANILLA BEAN SS,7.608899,4.0
$$ MONIN HONEY,7.608899,0.6666666666666666
$$ MUSCLE MILK CHOCOLATE 1.93#,7.608899,8.333333333333334
$$ MY MOCHI SWEET MANGO SS,7.608899,6.333333333333333
$$ MY MOCHI SWEET MANGO 6PK,7.608899,7.333333333333333
$$ MY MOCHI RIPE STRAWBERRY SS,7.608899,6.666666666666667
WINEM FOXPOINT BLUSH HAPVAL,7.263931,0.0
WINER APPALACHIA RED HAPVAL,7.263931,0.0
WINEM SPARK KORBEL BRUT CHAMP,7.263931,0.0
VINEGAR WHIT DISTILLED KOSHER,7.263931,15.0
WINEM WHITE ZIN BERIN,7.263931,0.0
WATER FLAV MANGO,7.263931,20.333333333333332
WATER FLAV STRAWB KIWI,7.263931,24.0
WASABI POWDER,7.263931,1.0
BAKEA SPRINKLES CHOCOLATE,6.928292,2.3333333333333335
BAKEA SPRINKLES BLUE,6.928292,9.333333333333334
BAKEA SPICE CINNAMON BULK,6.928292,0.3333333333333333
BAKEA SPRINKLES WHITE,6.928292,5.333333333333333
BAKEA SPRINKLES RAINBOW MIX,6.928292,13.333333333333334
BAKEA SHORT SOLID ICING TFF,6.928292,3.0
BAKEA SHORT SOLID AP,6.928292,15.0
$$ HALAL SR COCONUT CURRY CHICKEN,6.8884044,8.666666666666666
$$ HBC AXE ANTIPERSPIRANT PHOENIX,6.8884044,3.6666666666666665
$$ HALAL SR CHIX PAD THAI,6.8884044,0.0
$$ HALAL SR CHIX ENCHILADAS POBLANO,6.8884044,0.0
$$ HBC CANTU LV-IN CONDREPAIR CCRM 16OZ,6.8884044,1.6666666666666667
$$ HBC AXE APOLLO BODY WASH 16OZ,6.8884044,18.333333333333332
$$ HALAL SR CHICKEN TIKKA MASALA,6.8884044,15.666666666666666
CLNR STB URNEX 1PRO COLD BREW DISP,6.2374935,0.0
CLNR STB URNEX COFFEE URN PACKET,6.2374935,1.6666666666666667
CLNR EVERSYS BALLS,6.2374935,4.0
CLNR FRYER DEGREASER HP,6.2374935,2.6666666666666665
CLNR FRYER FILTER POWDER HP,6.2374935,2.3333333333333335
CLNR ECL WIPE DISINFECT,6.2374935,0.3333333333333333
CLNR KEATING KLENSER,6.2374935,4.333333333333333
$$ ATH SK TUNA CREATION SWEET SPICY,6.2035546,1.6666666666666667
$$ ATH SK TUNA CREATION RANCH,6.2035546,4.0
$$ BAR DP NUTRIGRAIN STRAWBERRY,6.2035546,7.666666666666667
$$ BAR DP NUTRIGRAIN BLUEBERRY,6.2035546,6.333333333333333
$$ BAR GP NUTRIGRAIN APPLE CINNAMON,6.2035546,8.0
$$ BAR DP NUTRIGRAIN APPLE CINNAMON,6.2035546,6.666666666666667
$$ ATH SK TUNA CREATION LEMON PEPPER,6.2035546,0.0
BAKEC TOPPPER FALL LEAF ACORN SHIMMER,5.5936284,0.0
BAKEX BLUE TUMBLER CUSTOM PRINT,5.5936284,0.0
BAKEC TOPPER WINTER BUDDIES,5.5936284,0.0
BAKEX BOX GIFT SHIP COOKIE JAR KIT,5.5936284,1.3333333333333333
BAKEX BOX GIFT SHIP LG,5.5936284,0.0
BAKEC TOPPERS GINGERBREAD MAN SMALL,5.5936284,0.0
"BAKEC TOPPERS BLK GRAD HAT DIPL 1.5""",5.5936284,0.0
SPICE CARIBBEAN JERK KOSHER,5.464733,2.3333333333333335
SPICE CLOVES GROUND KOSHER,5.464733,0.6666666666666666
SPICE CLOVES WHL,5.464733,0.0
SPICE CINNAMON STICKS,5.464733,1.3333333333333333
SPICE CORIANDER GROUND KOSHER,5.464733,9.333333333333334
SPICE CUMIN SEED GROUND KOSHER,5.464733,19.333333333333332
SPICE CINNAMON,5.464733,3.3333333333333335
SPICE CELERY SEED KOSHER,5.464733,0.3333333333333333
SPICE CHINESE FIVE SPICE,5.464733,0.6666666666666666
SPICE CELERY SALT,5.464733,0.0
SPICE CAJUN SEASONING KOSHER,5.464733,21.666666666666668
SPICE CARDAMOM GROUND KOSHER,5.464733,0.6666666666666666
SPICE CHILI POWDER DARK,5.464733,7.333333333333333
SPICE CHIVES DRIED,5.464733,2.0
BAKEA OIL COATING SPRAYMATE,5.274836,0.0
BAKEA NUT PECAN PCS MED,5.274836,3.0
BAKEA NUT WALNUT PCS LT AMBER,5.274836,5.0
BAKEA PUDDING INSTANT VAN,5.274836,0.6666666666666666
BAKEA PEANUT BUTTER CRUNCHY,5.274836,2.0
BAKEA NUT CASHEW RAW NO SALT PCS LG,5.274836,25.0
BAKEA NUT PEANUT CHOPPED,5.274836,1.0
BAKEA PEANUT BUTTER CRMY,5.274836,1.0
$$ HBC LACTAID FAST ACTION CAPLETS,5.1094227,1.0
$$ HBC DEG MEN SPORT 2.7OZ,5.1094227,2.0
$$ HBC DOVE SHAM DRY INVIGORATING 5OZ,5.1094227,3.3333333333333335
$$ HBC OGX CONDITIONER COCONUT MILK,5.1094227,9.0
$$ HBC OGX SHAMPOO COCONUT MILK,5.1094227,8.0
$$ HBC VASELINE LT ADVANCED,5.1094227,2.0
$$ HBC OLLY TT IMMUNITY+ ELDERBERRY,5.1094227,5.0
$$ HBC OLLY TT GOODBYE STRESS,5.1094227,3.0
$$ HBC VASELINE LT ROSY LIPS .25OZ,5.1094227,3.3333333333333335
$$ HBC PLAYTEX SPORT SUPER 8CT,5.1094227,1.3333333333333333
$$ HBC VASELINE LT ORIGINAL .25OZ,5.1094227,2.6666666666666665
$$ HBC TRES GEL EXTRA HOLD 9OZ,5.1094227,2.3333333333333335
$$ HBC OLLY TT RESTFUL SLEEP,5.1094227,13.333333333333334
$$ HBC DEG WM INVISIBLE SOLID SPORT,5.1094227,5.0
$$ HBC DEG WM BLACK & WHIT 2.6OZ,5.1094227,4.666666666666667
SPICE PAPRIKA GROUND KOSHER,5.018189,15.666666666666666
SPICE PEPPER CHILE CPTL KOSHER,5.018189,1.0
SPICE PEPPERCORN BLACK WHL KOSHER,5.018189,1.0
SPICE PEPPER CAYENNE KOSHER,5.018189,8.333333333333334
SPICE PEPPER WHIT GROUND KOSHER,5.018189,2.0
SPICE ONION SALT,5.018189,1.0
SPICE PARSLEY FLAKES KOSHER,5.018189,2.6666666666666665
SPICE PEPPER RED CRUSHED KOSHER,5.018189,8.666666666666666
SPICE POULTRY SEASONING KOSHER,5.018189,0.3333333333333333
SPICE OREGANO WHL KOSHER,5.018189,7.666666666666667
SPICE PAPRIKA SMOKED KOSHER,5.018189,6.333333333333333
SPICE PEPPER BLACK GROUND KOSHER,5.018189,9.333333333333334
SPICE PEPPER BLACK COARSE GRIND,5.018189,1.3333333333333333
SPICE PEPPER BLACK CRACKED,5.018189,0.3333333333333333
SPICE PAPRIKA HUNGARIAN,5.018189,2.6666666666666665
$$ GATORADE ZERO PWDR GLAC CHERRY,5.016853,4.333333333333333
$$ GATORADE HYDRATION CITRUS BERRY,5.016853,4.666666666666667
$$ GATORADE HYDRATION STRAWB/WATERM,5.016853,5.333333333333333
$$ GATORADE ENERGY CHEWS COOL BLUE,5.016853,8.666666666666666
$$ GATORADE ENERGY CHEWS STRAWBERRY,5.016853,7.333333333333333
$$ FRU PINEAPPLE TIDBITS IN JUICE 4OZ,5.016853,8.333333333333334
$$ GATORADE ZERO PWDR GLAC FREEZE,5.016853,4.666666666666667
BAKEC CAROB DROPS,4.7373333,2.0
BAKEC CHOC UNSWT LIQUOR,4.7373333,5.333333333333333
BAKEC CORN SYRUP 42%,4.7373333,0.0
BAKEC COCOA DUTCH BL PEARL,4.7373333,0.0
BAKEC CHIP CINNAMON 5000CT,4.7373333,0.0
BAKEC CONDITIONER,4.7373333,0.3333333333333333
BAKEC CNTR 8 OZ SAFESEAL,4.7373333,5.333333333333333
# BOBA JELLY COCONUT LYCHEE,4.6932077,3.0
# BOBA JUICE POPPERS KIWI,4.6932077,2.3333333333333335
# BOBA JUICE POPPERS MANGO,4.6932077,5.0
# BOBA JUICE POPPERS STRAWBERRY,4.6932077,6.333333333333333
# BOBA SYRUP BLACK SUGAR,4.6932077,2.0
# BOBA SYRUP MANGO,4.6932077,3.3333333333333335
# BOBA SYRUP LYCHEE,4.6932077,3.0
$$ HBC CANTU MOIST SHAMP 13.5OZ,4.672992,1.0
$$ HBC COCOCARE 100% COCONUT OIL 4OZ,4.672992,2.6666666666666665
$$ HBC CD VANILLA REPLENISH SHAMPOO,4.672992,2.3333333333333335
$$ HBC DEG MEN COOL RUSH 2.7OZ,4.672992,6.333333333333333
$$ HBC DEG MEN ARCTIC EDGE 3OZ,4.672992,2.6666666666666665
$$ HBC DEG MEN INTENSE SPORT 3OZ,4.672992,1.6666666666666667
$$ HBC CANTU RINSE OUT CONT 13.5OZ,4.672992,1.0
$$ HBC CD VANILLA HYDRATING COND,4.672992,3.0
COAT CHEF WOMAN LARGE,4.5216446,-0.6666666666666666
COAT CHEF MEN XLARGE,4.5216446,0.6666666666666666
COAT CHEF WOMAN 2XLARGE,4.5216446,2.0
COAT CHEF WOMAN XLARGE,4.5216446,-0.3333333333333333
COAT CHEF MEN SM,4.5216446,1.3333333333333333
COAT CHEF WOMAN SMALL,4.5216446,-0.3333333333333333
COAT CHEF WOMAN XSMALL,4.5216446,0.0
COAT CHEF WOMAN MEDIUM,4.5216446,2.6666666666666665
SHIRT HFS POLO WMNS NVY/WHT XL,4.4056973,0.3333333333333333
SHIRT HFS POLO WMNS NVY/WHT L,4.4056973,1.3333333333333333
SHIRT HFS POLO WMNS NVY/WHT M,4.4056973,1.3333333333333333
SHIRT POLO NAVY MEDIUM,4.4056973,8.0
SHIRT POLO NAVY 4XLARGE,4.4056973,-4.666666666666667
SHIRT POLO NAVY 3XLARGE,4.4056973,4.0
SHIRT POLO NAVY LARGE,4.4056973,6.333333333333333
SHIRT POLO NAVY 2XLARGE,4.4056973,9.0
SPICE MESQUITE BBQ,4.3560405,0.6666666666666666
SPICE OLD BAY SEASONING 24OZ,4.3560405,5.0
SPICE NUTMEG GROUND KOSHER,4.3560405,1.3333333333333333
SPICE DILL WEED KOSHER,4.3560405,0.6666666666666666
SPICE CURRY POWDER KOSHER,4.3560405,0.6666666666666666
SPICE FENUGREEK POWDER,4.3560405,0.0
SPICE FENNEL SEEDS,4.3560405,0.0
SPICE GINGER GROUND KOSHER,4.3560405,1.3333333333333333
SPICE LEMON PEPPER,4.3560405,1.0
SPICE MUSTARD DRY KOSHER,4.3560405,1.6666666666666667
SPICE ONION POWDER KOSHER,4.3560405,8.333333333333334
SPICE MARJORAM LEAVES KOSHER,4.3560405,2.6666666666666665
SPICE MALT VINEGAR POWDER,4.3560405,0.6666666666666666
SPICE GARLIC SALT KOSHER,4.3560405,5.333333333333333
SPICE GARLIC POWDER KOSHER,4.3560405,12.666666666666666
$$ COOKIE IW SNICKERDOODLE AF,4.2809057,30.333333333333332
$$ CHEEZ IT PEPPER JACK 3OZ,4.2809057,0.6666666666666666
$$ CNDY AWAKE DARK BITES,4.2809057,0.0
$$ CORNICHONS PETITE PICKLED GHERKINS,4.2809057,0.0
$$ CHEWY GRANOLA BAR CHOC CHIP,4.2809057,4.0
$$ CHO DSSRT MALAI KULFI FRZ IC,4.2809057,0.0
$$ CHEWY GRANOLA BAR SMORES,4.2809057,1.0
$$ COOKIE ITALIAN LEMON CRÈME,4.2809057,0.0
$$ CC REAL STEAK JERKY ORIGINAL,4.261457,0.0
$$ CHEESE ARTIGIANO BALSAMIC CIPPOLINI,4.261457,0.0
$$ CC REAL STEAK JERKY HONEY BBQ,4.261457,0.0
$$ CC REAL STEAK TKY JERKY TERIYAKI,4.261457,0.0
$$ CHEESE ARTIGIANO VINO ROSSO,4.261457,0.0
$$ CC REAL STEAK JERKY CHIPOTLE,4.261457,16.0
$$ CC REAL STEAK JERKY ASIAN STYLE,4.261457,8.0
$$ CC REAL SNACK STICK TURKEY,4.261457,6.0
$$ BOLT PROBAR STRAWBERRY,4.2223463,8.333333333333334
$$ BOTTLE STAINLESS GATORADE,4.2223463,8.333333333333334
$$ BOTTLE STAINLESS BLK PSU 22OZ,4.2223463,0.0
$$ BROWNIE IW DAVIDS GF KOSHER,4.2223463,2.3333333333333335
$$ BREADSTICKS TRADITIONAL,4.2223463,0.0
$$ BOTTLE CUSTOM PSU,4.2223463,4.666666666666667
$$ BOTTLE SHAKER GATORADE,4.2223463,8.333333333333334
FLEECE ABS QTR ZIP NAVY LARGE,4.215664,0.0
FLEECE ABS QTR ZIP NAVY XL,4.215664,0.3333333333333333
FLEECE HFS QTR ZIP NAVY 3XL,4.215664,2.0
FLEECE ABS QTR ZIP NAVY 3XL,4.215664,0.0
FLEECE ABS QTR ZIP NAVY MED,4.215664,0.0
FLEECE HFS QTR ZIP NAVY 2XL,4.215664,1.3333333333333333
FLEECE HFS QTR ZIP NAVY LARGE,4.215664,1.3333333333333333
$$ ATH FRESH BLENDS ORG STRAWBERRY,3.9176664,4.333333333333333
$$ ATH FRESH BLENDS ORG ORANGE GING,3.9176664,3.0
$$ ATH FRESH BLENDS ORG VAN OAT MILK,3.9176664,3.6666666666666665
$$ ATH JUSTINS ALMOND BUTTER CINNAMON,3.9176664,1.0
$$ ATH FRESH BLENDS ORG EARTH BERRY,3.9176664,3.6666666666666665
$$ ATH FRESH BLENDS ORG LEMON,3.9176664,2.6666666666666665
$$ ATH FRESH BLENDS ORG GREEN GODDESS,3.9176664,1.0
$$ ATH FRESH BLENDS ORG MANGO,3.9176664,4.333333333333333
$$ BULDAK SAUCE HOT ORG,3.8716602,2.3333333333333335
$$ BRUSCHETTA ITALIAN TOMATO,3.8716602,0.0
$$ CALBEE SHRIMP CHIPS,3.8716602,4.0
$$ CC REAL SNACK STICK BARBECUE CHIX,3.8716602,6.0
$$ CC REAL SNACK STICK JALAPENO,3.8716602,3.6666666666666665
$$ BULDAK SAUCE HOT CARBONARA,3.8716602,2.6666666666666665
$$ CC REAL SNACK STICK ORIG SMOKE,3.8716602,5.0
# BTRSTA FILM,3.7325509,1.0
# BTRSTA CREAMER ND ORG,3.7325509,12.333333333333334
# BTRSTA DRAGONFRUIT,3.7325509,2.6666666666666665
# BTRSTA PLASTIC CADDY,3.7325509,0.0
# BTRSTA SALTED CARAMEL,3.7325509,2.6666666666666665
# BTRSTA MANGO,3.7325509,2.6666666666666665
# BTRSTA CLNR POWDER KAY5,3.7325509,0.0
# BRUSCHETTA ITALIAN TOMATO,3.7325509,0.0
# BTRSTA BLACK TEA,3.7325509,5.333333333333333
# BTRSTA CANE SUGAR,3.7325509,5.333333333333333
# BTRSTA PASSION FRUIT,3.7325509,2.6666666666666665
# BTRSTA COCONUT,3.7325509,1.3333333333333333
# BTRSTA CLNR TABLET,3.7325509,0.0
# BTRSTA CITRUS BLEND,3.7325509,2.6666666666666665
# BTRSTA FILTER CARTRIDGE,3.7325509,0.0
$$ KC BLUEBERRIES AND CREAM OATMEAL,3.672916,2.6666666666666665
$$ KATES WHIT CHOCOLATE MACADAMIA,3.672916,0.3333333333333333
$$ KATES PEANUT BUTTER MILK CHOC,3.672916,0.0
$$ KATES LEMON COCONUT,3.672916,0.0
$$ KATES OATMEAL CRANBERRY ALMOND,3.672916,0.0
$$ KATES PEANUT BUTTER DARK CHOC,3.672916,0.0
$$ KATES CHERRY ALMOND,3.672916,0.0
"BAKEB CAKE CIRCLES 9"" WHIT/CORR",3.6687262,1.6666666666666667
BAKEB BOX COOKIE TIN 4X4X5,3.6687262,4.0
BAKEB CHOC CHUNK WHIT,3.6687262,0.0
BAKEA VEG PUMPKIN,3.6687262,10.666666666666666
BAKEA SUGAR CONFECTIONERS 6X,3.6687262,35.0
"BAKEB CAKE CIRCLES GOLD 12""",3.6687262,0.0
BAKEB ASCORBIC ACID,3.6687262,0.0
BAKEB CHOC CHUNK MILK,3.6687262,0.0
$$ ELPD + USB CAR CHARGER,3.6315749,0.0
$$ ELPD/MFI CABLE 3.3',3.6315749,0.0
$$ FRU PEACHES IN JUICE 4OZ,3.6315749,9.666666666666666
$$ EL WIRELESS EARBUD W/MIC,3.6315749,0.0
$$ FRU MANDARIN ORANGE 4OZ,3.6315749,7.666666666666667
$$ FRU MIXED FRUIT IN JUICE 4OZ,3.6315749,9.333333333333334
$$ ELPD + USB HOME CHARGER,3.6315749,0.0
$$ FOCACCIA THINS,3.6315749,0.0
"# LINEN TABLE 100"" X 100"" NAVY",3.2122464,0.0
# LINEN NAPKIN NAVY,3.2122464,0.3333333333333333
# LINEN NAPKIN WHIT,3.2122464,0.0
"# LINEN TABLE 54"" X 114"" WHIT",3.2122464,0.6666666666666666
"# LINEN TABLE 120"" ROUND WHIT",3.2122464,0.0
# LINEN TABLE 52X52 WHT,3.2122464,0.3333333333333333
"# LINEN TABLE 120"" ROUND NAVY",3.2122464,0.0
# LINEN NAPKIN BLACK,3.2122464,0.0
FF FISH TROUT RAINBOW SKIN ON,2.7842112,0.0
FF FISH TILAPIA BNLS SKINLESS,2.7842112,0.0
FF FISH TILAPIA FILLET WHOLE,2.7842112,0.0
FF SHLFSH LOBSTER LIVE,2.7842112,0.0
FILL PIE APPLE,2.7842112,18.333333333333332
FF FISH TUNA FRESH YELLOWFIN SKIN ON,2.7842112,0.0
FF SHLFSH CLAMS LIVE FRESH,2.7842112,0.0
BAKEB CREAM PISTACHIO,2.4347024,0.0
BAKEB CNTR HINGED 2 CAVITY SLANT,2.4347024,0.0
BAKEB CHOC COUVER SEMI SWT,2.4347024,0.6666666666666666
BAKEB CHOC COATING COOKIE,2.4347024,3.3333333333333335
BAKEB CHOC DROPS 10000CT,2.4347024,5.0
BAKEB COCOA BRK POWDER,2.4347024,3.0
BAKEB CROISSANT BACON EGG RTB,2.4347024,0.0
LINERS PAN BKY SILICONE,2.2244263,11.666666666666666
LIQ GIN DRY BOMBAY,2.2244263,0.0
LIQ BOURBON KNOB'S CREEK,2.2244263,0.0
LIQ GIN BLUECOAT,2.2244263,0.0
LIQ BOURBON WILD TURK 80,2.2244263,0.0
LIQ BOURBON JIM BEAM,2.2244263,0.0
LIQ AMARETTO DISARONNO,2.2244263,0.0
$$ CHEESE PROVOLONE SNACK BITES,2.1652675,0.0
$$ CHEESE PARMESAN SNACK PACK,2.1652675,0.0
$$ CHEESE FONTINA SNACK PACK,2.1652675,0.0
$$ CHEESE CILINGIENE MOZZ SNACK,2.1652675,0.0
$$ CHEESE ASIAGO FRESCO,2.1652675,0.0
$$ CHEESE ND CHEDDAR SLICED,2.1652675,1.3333333333333333
$$ CHEESE MOZZERELLA FRESH BAKING,2.1652675,0.0
BAKEB FRU BANANAS MASHED,1.893525,0.0
BAKEB KATAIFI RAW,1.893525,0.0
BAKEB GARNISH LADY FINGERS,1.893525,0.0
"BAKEB PIE SHELL GRAHAM 9""",1.893525,0.0
"BAKEB PKG CAKE 10"" LAYER",1.893525,0.0
BAKEB POWDER MATCHA CULINARY 3.5OZ,1.893525,0.0
BAKEB FILL DANISH APL BL RASP,1.893525,4.333333333333333
BAKEB EXTRACT RUM FLAV,1.893525,0.0
BAKEB EMULSION ORANGE,1.893525,0.0
BAKEB OREO CRUNCH PIECES FILLING,1.893525,2.3333333333333335
BAKEB OREO GROUNDS CAKE BASE,1.893525,6.333333333333333
BAKEB NUT ALMOND SLIVERED,1.893525,0.0
BAKEB FRU FZN APPLE IQF,1.893525,0.0
BAKEB GLZ DONUT GLAZE N SHINE,1.893525,11.333333333333334
BAKEB FILL PIE CHERRY,1.893525,0.0
BAKEB FLOUR RYE MED,1.893525,0.3333333333333333
BAKEB FILL PIE PEACH,1.893525,3.0
BAKEB FILL PIE LEMON,1.893525,0.0
BAKEB SEED SESAME DARK,1.893525,1.0
BAKEB SEED CARAWAY,1.893525,0.0
BAKEB PUDDING INSTANT CHOC,1.893525,0.0
BAKEB SEED PUMPKIN,1.893525,2.6666666666666665
BAKEB FOOD SPRAY GLITTER LIGHT BLUE,1.893525,0.0
BAKEB FILL DANISH STRAWB,1.893525,2.6666666666666665
BAKEB SEED POPPY,1.893525,0.0
BAKEB WHIT CHOC COUVERTURE,1.893525,0.0
BAKEB FILL DANISH APPLE,1.893525,5.0
BAKEB TOFFEE PIECES,1.893525,0.0
BAKEB SPICE CRM OF TARTAR,1.893525,0.3333333333333333
BAKEB SMEAR CARAMEL STICKY,1.893525,1.6666666666666667
BAKEB FOOD COLOR SPRAY GLITTER BLUE,1.893525,0.0
BAKEB FLOUR SEMOLINA,1.893525,0.0
BAKEB KISSES MINI UW,1.893525,0.0
BAKEB KIT KAT PIECES BULK,1.893525,0.0
BAKEB FLOUR WHET CRACKED,1.893525,0.0
BAKEB KATAIFI TOASTED,1.893525,0.0
BAKEB NUT ALMOND SLCD,1.893525,13.333333333333334
BAKEB FILL PIE BLUEBERRY,1.893525,0.3333333333333333
FF FISH FRESH CATCH (WK),1.6208366,0.0
FF FISH SALMON FUNDY BNLS SKIN-ON 8-10#,1.6208366,0.0
FF FISH SALMON BNLS SKINLESS 5-7#,1.6208366,0.0
FF FISH SHARK SKINLESS,1.6208366,0.0
FF FISH MONKFISH SKINLESS,1.6208366,0.0
FF FISH MAHI FRESH SKIN ON,1.6208366,0.0
FF FISH MONKFISH SKIN ON,1.6208366,0.0
FF FISH FRESH CATCH (NLI),1.6208366,0.0
FF FISH SALMON BNLS SKINLESS 2-3#,1.6208366,0.0
FF FISH SALMON BNLS SKIN ON 2-3#,1.6208366,0.0
FF FISH FRESH CATCH A (RD),1.6208366,0.0
FF FISH FRESH CATCH (PS),1.6208366,0.0
FF FISH SALMON BNLS SKIN ON 5-7#,1.6208366,0.0
FF FISH FRESH CATCH B (RD),1.6208366,0.0
FF FISH FRESH CATCH (CL),1.6208366,0.0
BAKEC QUINS XMAS,1.5604513,0.0
BAKEC QUINS PASTEL,1.5604513,0.0
BAKEC QUINS GOLD SHIMMER CONFETTI,1.5604513,0.0
BAKEC READY ICE CHOCOLATE,1.5604513,11.0
BAKEC QUINS RAINBOW STAR,1.5604513,0.0
BAKEC QUINS GOLD,1.5604513,0.0
BAKEC SAUCE DULCE DE LECHE RTU,1.5604513,11.666666666666666
$$ EL AD 10' CORD LIGHTNING MFI,1.5094304,3.3333333333333335
$$ EL 16.99 LIFESTYLE PL CL SG 4PC,1.5094304,0.0
$$ EL 19.99 EXCLUSIVE SG 4PC,1.5094304,0.0
$$ EL 9.99 PROMO UV SP SG 4PC,1.5094304,0.0
$$ EL AD 18W PD/USB DUAL WALL CHG,1.5094304,2.0
$$ EL AD 10' CORD MICRO USB,1.5094304,0.3333333333333333
$$ EL AD 18W PD/USB DUAL CAR CHG,1.5094304,0.0
$$ EL AD 10' CORD TYPE C,1.5094304,2.6666666666666665
LIQ LIQUER JAC GRENADINE,1.3979988,0.0
LIQ LIQUER FRANGELICO,1.3979988,0.0
LIQ LIQUER KAHLUA,1.3979988,0.0
LIQ LIQUER CURACAO BOLS BLUE,1.3979988,0.0
LIQ LIQUER BAILEY IRISH CRM,1.3979988,0.0
LIQ GIN SEAGRAM EX DRY,1.3979988,0.0
LIQ LIQUER GRAND MARNIER,1.3979988,0.0
LIQ VODKA GREY GOOSE,1.3979988,0.0
LIQ VODKA TITO'S,1.3979988,0.0
LIQ WHISKEY CROWN ROYAL,1.3979988,0.0
LIQ WHISKEY CAN CLUB,1.3979988,0.0
LIQ VODKA STOLICHNAYA,1.3979988,0.0
LIQ VODKA KETEL ONE,1.3979988,0.0
LIQ VODKA SMIRNOFF,1.3979988,0.0
LIQ GIN TANQUERAY DRY,1.3979988,0.0
LIQ VERMOUTH M&R DRY 375ML,1.3979988,0.0
LIQ TRIPLE SEC DEKUYPER 1L,1.3979988,0.0
LIQ VODKA ABSOLUT PEPPAR,1.3979988,0.0
LIQ VERMOUTH M&R SWT 375ML,1.3979988,0.0
LIQ TEQ JOSE CUERVO,1.3979988,0.0
LIQ RUM CAP MORGAN SPICED ORIG,1.3979988,0.0
LIQ LIQUER SAMBUCA ROMANA,1.3979988,0.0
LIQ RUM CAP MORGAN SPICED 100PF,1.3979988,0.0
SHIRTABS POLO WMNS BLK LAR,1.3391877,0.0
SHIRT WORK HFS NAVY - MED,1.3391877,0.6666666666666666
SHLFSH OYSTER,1.3391877,0.0
SHIRT WORK HFS NAVY - XLTALL,1.3391877,0.0
SHIRT WORK HFS NAVY - XL,1.3391877,-4.0
SHIRT WORK HFS NAVY - SMALL,1.3391877,0.3333333333333333
SHLFSH MUSSELS FRESH CULT LIVE,1.3391877,0.0
BAKEC SUGAR EXTRA COARSE,1.1626048,2.0
BAKEC SUGAR COARSE BLUE AA,1.1626048,0.0
BAKEC SUGAR DONUT,1.1626048,0.0
BAKEC SPRINKLES BLUE WHITE NAVY MIX,1.1626048,1.0
BAKEC SEED FLAX,1.1626048,0.0
BAKEC SPRINKLES STARRY EYE MIX VEGAN,1.1626048,0.0
BAKEC SPRINKLES NAVY BLUE,1.1626048,13.333333333333334
BAKEC TOPPER ASTER FLOWERS,1.1626048,0.0
BAKEC ICING FONDANT YELLOW,1.1175395,0.0
BAKEC ICING FONDANT WHITE,1.1175395,0.0
BAKEC MIX CAKE RED VELV,1.1175395,3.6666666666666665
BAKEC NBUT MACADAMIA,1.1175395,0.0
BAKEC NUT ALMOND WHL,1.1175395,0.0
BAKEC PAN ALUM DISP LOAF 2 LB,1.1175395,0.3333333333333333
BAKEC PASTRY CREAM HORN SHELL,1.1175395,0.0
BAKEC ICING FONDANT RED,1.1175395,0.0
BAKEC MARSHMALLOW ASST COLOR,1.1175395,0.0
BAKEC NUT COCONUT MACAROON,1.1175395,0.0
BAKEC ICING IMAGES DAMPER,1.1175395,0.0
BAKEC ICING WHIT N GLOSSY RTU,1.1175395,19.333333333333332
BAKEC ICING WHITE ROLL,1.1175395,0.0
BAKEC ICING FONDANT PINK,1.1175395,0.0
BAKEC ICING FONDANT PURPLE,1.1175395,0.0
BAKEC NUT PECAN HALVES,1.1175395,0.0
BAKEC NUT FILBERT/HAZELNUT,1.1175395,0.0
"BAKEC PKG CAKE 10"" 1 LAYER",1.1175395,1.6666666666666667
"BAKEC PKG CAKE 8"" LAYER",1.1175395,4.0
BAKEC PUREE PRFCT RASP,1.1175395,0.0
BAKEC QUINS BRIGHT,1.1175395,0.0
BAKEC PUREE PRFCT BANANA,1.1175395,0.3333333333333333
$$ EL IPHONE5 DATA/ CHARGING CABLE,1.058141,0.6666666666666666
$$ EL USB TO TYPEC 6' DATA/CHARGE,1.058141,0.3333333333333333
$$ EL MFI 6' IPHONE LIGHT CHARGE CAB,1.058141,0.3333333333333333
$$ EL EARBUDS ALUMINUM WIRED,1.058141,3.3333333333333335
$$ EL MICRO USB FLAT DATA/ CHARGING,1.058141,0.0
$$ EL AD USB TO TYPE C DATA CHRG CBL,1.058141,1.3333333333333333
$$ EL AD USB/TYP C PD CABLE,1.058141,1.0
$$ EL IPHONE5 LIGHTNING / CHARGE,1.058141,0.0
$$ EL EXCLUSIVE SG DISPLAY 12 PC,1.058141,0.0
$$ EL LIFESTYLE SG DISPLAY 14 PC,1.058141,0.3333333333333333
$$ EL IPHONE5 TRANSFER CHARGING CABL,1.058141,-2.3333333333333335
$$ EL STEREO EARBUDS WIRELESS,1.058141,0.0
$$ EL AD TYPE C WIRED EARBUDS,1.058141,-1.0
$$ EL AD 4.8A DUAL USB CAR CHG,1.058141,0.0
$$ EL USB TYPE C CABLE 3.3,1.058141,0.0
$$ EL DUAL USB HOME CHARGER 2.1 AMP,1.058141,0.3333333333333333
$$ EL MICRO USB 6' DATA CABLE 2AMP,1.058141,-0.3333333333333333
$$ EL AD WIRELESS EARBUDS BLUETOOTH,1.058141,1.6666666666666667
$$ EL BATTERY POWER BANK,1.058141,0.0
$$ EL AD IPHN PRM ERBDS WIRED,1.058141,1.0
$$ EL AD IPHN MFI PD CBL,1.058141,1.6666666666666667
$$ EL AD APPLE WATCH CHARGER,1.058141,0.3333333333333333
BAKEC GINGERBREAD HOUSE KIT,0.95975924,0.0
BAKEC ICING FONDANT NAVY,0.95975924,0.0
BAKEC ICING FONDANT BLACK,0.95975924,0.0
BAKEC ICING FONDANT ORANGE,0.95975924,0.0
BAKEC ICING FONDANT GREEN,0.95975924,0.0
BAKEC FLOUR WHET GERM,0.95975924,0.6666666666666666
BAKEC FLOUR MALT DIASTATIC,0.95975924,0.0
BAKEC FLOUR WHIT WW,0.95975924,0.0
BAKEC ICING FONDANT BLUE,0.95975924,0.0
BAKEC ICING FONDANT BURGUNDY,0.95975924,0.0
BAKEC FOOD COLOR CARAMEL,0.95975924,0.0
BAKEC FOOD COLOR SPRAY GOLD,0.95975924,0.0
BAKEC ICING FONDANT CHOCOLATE,0.95975924,0.0
BAKEC FOOD COLOR SPRAY BLUE,0.95975924,0.0
BAKEC GLAZE NEUTRAL,0.95975924,0.0
SHIRT HFS POLO WMNS BLK 3XL,0.9160798,1.3333333333333333
SHIRT HFS POLO WMNS BLK XL,0.9160798,1.3333333333333333
SHIRT HFS POLO WMNS NAVY 2XL,0.9160798,0.0
SHIRT HFS POLO WMNS NAVY 3XL,0.9160798,1.3333333333333333
SHIRT HFS POLO MENS BLK LAR,0.9160798,1.3333333333333333
SHIRT HFS POLO WMNS BLK LAR,0.9160798,-0.3333333333333333
SHIRT HFS POLO MENS NVY/WHT XL,0.9160798,1.3333333333333333
SHIRT HFS POLO WMNS BLK 2XL,0.9160798,1.3333333333333333
SHIRT HFS POLO WMNS NAVY MED,0.9160798,3.0
SHIRT HFS POLO WMNS NAVY LAR,0.9160798,2.3333333333333335
SHIRT HFS POLO WMNS NVY/WHT 2XL,0.9160798,0.3333333333333333
SHIRT HFS POLO WMNS NAVY XL,0.9160798,0.3333333333333333
SHIRT HFS POLO WMNS NVY/WHT 3XL,0.9160798,1.3333333333333333
SHIRT HFS POLO MENS NVY/WHT M,0.9160798,1.3333333333333333
SHIRT HFS POLO WMNS BLK MED,0.9160798,2.3333333333333335
SHIRT HFS POLO MENS NAVY 3XL,0.9160798,1.3333333333333333
SHIRT HFS POLO MENS NAVY MED,0.9160798,1.3333333333333333
SHIRT HFS POLO MENS NAVY LAR,0.9160798,1.6666666666666667
SHIRT HFS POLO MENS NVY/WHT 2XL,0.9160798,1.6666666666666667
SHIRT HFS POLO MENS NAVY 2XL,0.9160798,1.6666666666666667
SHIRT HFS POLO MENS BLK XL,0.9160798,1.3333333333333333
SHIRT HFS POLO MENS BLK 2XL,0.9160798,1.3333333333333333
SHIRT ABS POLO WMNS NVY/WHT XL,0.9160798,0.0
SHIRT ABS POLO WMNS NVY/WHT L,0.9160798,0.0
SHIRT HFS POLO MENS BLK MED,0.9160798,1.3333333333333333
SHIRT HFS POLO MENS BLK 3XL,0.9160798,1.3333333333333333
SHIRT ABS POLO WMNS NVY/WHT M,0.9160798,1.6666666666666667
SHIRT HFS POLO MENS NVY/WHT 3XL,0.9160798,1.3333333333333333
SHIRT HFS POLO MENS NVY/WHT L,0.9160798,1.6666666666666667
SHIRT HFS POLO MENS NAVY XL,0.9160798,1.3333333333333333
SHIRT ABS POLO MENS NAVY 2XL,0.7807782,0.0
SHIRT ABS POLO MENS BLK XL,0.7807782,0.3333333333333333
SHIRT ABS POLO MENS NVY/WHT 3XL,0.7807782,0.0
SHIRT ABS POLO MENS NVY/WHT 2XL,0.7807782,0.0
SHIRT ABS POLO MENS NAVY XL,0.7807782,4.666666666666667
SHIRT ABS POLO WMNS NAVY 3XL,0.7807782,0.0
SHIRT ABS POLO WMNS NAVY LAR,0.7807782,0.0
SHIRT ABS POLO WMNS NAVY MED,0.7807782,0.0
SHIRT ABS POLO MENS NAVY LAR,0.7807782,-0.3333333333333333
SHIRT ABS POLO MENS NAVY 3XL,0.7807782,0.0
SHIRT ABS POLO WMNS NAVY 2XL,0.7807782,0.0
SHIRT ABS POLO MENS NVY/WHT XL,0.7807782,0.0
SHIRT ABS POLO WMNS BLK XL,0.7807782,0.0
SHIRT ABS POLO WMNS NAVY XL,0.7807782,0.0
SHIRT ABS POLO WMNS NVY/WHT 2XL,0.7807782,0.0
SHIRT ABS POLO WMNS NVY/WHT 3XL,0.7807782,0.0
SHIRT ABS POLO WMNS BLK MED,0.7807782,0.0
SHIRT ABS POLO WMNS BLK 3XL,0.7807782,0.0
SHIRT ABS POLO WMNS BLK 2XL,0.7807782,0.0
SHIRT ABS POLO MENS NVY/WHT L,0.7807782,0.0
SHIRT ABS POLO MENS NVY/WHT M,0.7807782,0.0
SHIRT ABS POLO MENS NAVY MED,0.7807782,0.0
"BAKEC TOPPER RI LEAF GRN 1""",0.5916918,0.0
BAKEC TOPPER RI DAISIES MINI,0.5916918,0.0
"BAKEC TOPPER GHOST BUDDIES 1""",0.5916918,0.0
BAKEC TOPPER FLOWER POWER ASST,0.5916918,0.0
"BAKEC TOPPER ITSY SPIDER 1""",0.5916918,0.0
BAKEC TOPPER AUTUMN FRIENDS,0.5916918,0.0
"BAKEC TOPPER BLK GRAD HAT SMALL 1.5""",0.5916918,0.0
"BAKEC TOPPER BUMBLE BEE 1""",0.5916918,0.0
BAKEC TOPPER DAINTY BESS FLOWER ASST,0.5916918,0.0
"BAKEC TOPPER BLK GRAD HAT 3""X1""",0.5916918,0.0
BAKEC TOPPER RI BUTTERFLY ASST,0.5916918,0.0
BAKEC TOPPER RI ROSE LEAF PINK,0.5916918,0.0
BAKEC TOPPER RI ROSE LEAF YELLOW,0.5916918,0.0
BAKEC TOPPER RI ROSES MED ORANGE,0.5916918,0.0
BAKEC TOPPER PANSY PETITES ASST,0.5916918,0.0
BAKEC TOPPER LOVE LETTER ASST,0.5916918,0.0
BAKEC TOPPER PUMPKIN HAPPY JACKS,0.5916918,0.0
"BAKEC TOPPER RAINBOWS 1.6""",0.5916918,0.0
BAKEC TOPPER RI ROSE LEAF LAVENDER,0.5916918,0.0
"BAKEC TOPPER RI PANSIES ASST 1.6""",0.5916918,0.0
BAKEC TOPPER RI MINI BUTTERFLY ASST,0.5916918,0.0
BAKEC TOPPER RI MINI BLOSSOM W LEAF,0.5916918,0.0
BAKEC TOPPER RI ROSES MED PURPLE,0.5916918,0.0
BAKEC TOPPER RI VIOLETS LG PURPLE,0.5916918,0.0
BAKEC TOPPER RI VIOLETS MINI PURPLE,0.5916918,0.0
BAKEC TOPPER RI ROSE LEAF BLUE,0.5916918,0.0
BAKEC TOPPER RI WHITE PAW,0.5916918,0.0
BAKEC TOPPER RI FOOTBALL,0.5916918,0.0
BAKEC TOPPER RI DANTY BESS FLOWER SM,0.5916918,0.0
"BAKEC TOPPER LADY BUG .75""",0.5916918,0.0
BAKEC TOPPER GOLD PEARLS,0.5916918,0.0
BAKEC TOPPER GOOD LUCK ASST,0.5916918,0.0
BAKEC TOPPER FLOWER BUTTON ASST,0.5916918,0.0
"BAKEC TOPPER FLOWER MINI ASST 3/4""",0.5916918,0.0
BAKEC TOPPER SUMMER ASST,0.5916918,0.0
BAKEC TOPPER VALENTINE RNBW ASST,0.5916918,0.0
BAKEC TOPPER ROYAL DAISY ICINGS,0.5916918,0.0
BAKEC TOPPER SNOWFLAKE ASST,0.5916918,0.0
"BAKEC TOPPER STARS 1"" ASST",0.5916918,0.0
BAKEC TOPPER SUGAR BEAD RED,0.5916918,0.0
BAKEC TOPPER SUGAR HEART,0.5916918,0.0
"BAKEC TOPPER FALL LEAF ASST 1""",0.5916918,0.0
BAKEC TOPPER FLAGS USA ASST,0.5916918,0.0
BAKEC TOPPER RI WILD ROSES MINI ASST,0.5916918,0.0
WINEW CHARD NAPA WMHILL,0.29537302,0.0
WINEW FUME BLANC FERR CARA,0.29537302,0.0
WINEW LOHR RIVER CHARD ARROYO SECO,0.29537302,0.0
WINER CAB SAUV NOR CST WMHILL,0.29537302,0.0
WINER CAB SAUV PS RMON,0.29537302,0.0
WINEW CHARD REG CLOS BOIS,0.29537302,0.0
WINEW CHARD CALIF WMHILL,0.29537302,0.0
WINER PIN NOIR CLOS BOIS,0.29537302,0.0
WINEW CAYUGA DRY HAPVAL,0.29537302,0.0
WINER TRUMPETER MALBEC RESERVE,0.29537302,0.0
WINER THREE SISTER HAPVAL,0.29537302,0.0
WINER SHIRAZ CAB JAC CRK,0.29537302,0.0
WINER SHIRAZ BLK OPAL,0.29537302,0.0
WINER RMON MALBEC PRIV SEL,0.29537302,0.0
WINER PIN NOIR CHAT ST JEAN,0.29537302,0.0
WINER PIN NOIR CARN ACACIA,0.29537302,0.0
WINER MERLOT PS CEN CST RMON,0.29537302,0.0
WINER MERLOT CLOS BOIS,0.29537302,0.0
WINER MERLOT BLACKSTONE,0.29537302,0.0
WINER MALBEC TRAPICHE,0.29537302,0.0
WINER HAPPY VALLEY RED HAPVAL,0.29537302,0.0
WINER CHAMBOURCIN CLOV HILL,0.29537302,0.0
